file name,table_count,table_names
Weberp-3.0-demo_mod_sort.sql,78,"['`accountgroups`', '`accountsection`', '`areas`', '`bankaccounts`', '`banktrans`', '`bom`', '`buckets`', '`chartdetails`', '`chartmaster`', '`cogsglpostings`', '`companies`', '`config`', '`contractbom`', '`contractreqts`', '`contracts`', '`currencies`', '`custallocns`', '`custbranch`', '`debtorsmaster`', '`debtortrans`', '`discountmatrix`', '`edi_orders_seg_groups`', '`edi_orders_segs`', '`ediitemmapping`', '`edimessageformat`', '`freightcosts`', '`gltrans`', '`grns`', '`holdreasons`', '`lastcostrollup`', '`locations`', '`locstock`', '`loctransfers`', '`orderdeliverydifferenceslog`', '`paymentmethods`', '`paymentterms`', '`periods`', '`prices`', '`purchdata`', '`purchorderdetails`', '`purchorders`', '`recurringsalesorders`', '`recurrsalesorderdetails`', '`reportcolumns`', '`reportheaders`', '`salesanalysis`', '`salescat`', '`salescatprod`', '`salesglpostings`', '`salesman`', '`salesorderdetails`', '`salesorders`', '`salestypes`', '`scripts`', '`securitygroups`', '`securityroles`', '`securitytokens`', '`shipmentcharges`', '`shipments`', '`shippers`', '`stockcategory`', '`stockcheckfreeze`', '`stockcounts`', '`stockmaster`', '`stockmoves`', '`stockserialitems`', '`stockserialmoves`', '`suppallocs`', '`suppliercontacts`', '`suppliers`', '`supptrans`', '`systypes`', '`taxauthlevels`', '`taxauthorities`', '`unitsofmeasure`', '`workcentres`', '`worksorders`', '`www_users`']"
Weberp-3.01-demo_mod_sort.sql,78,"['`accountgroups`', '`accountsection`', '`areas`', '`bankaccounts`', '`banktrans`', '`bom`', '`buckets`', '`chartdetails`', '`chartmaster`', '`cogsglpostings`', '`companies`', '`config`', '`contractbom`', '`contractreqts`', '`contracts`', '`currencies`', '`custallocns`', '`custbranch`', '`debtorsmaster`', '`debtortrans`', '`discountmatrix`', '`edi_orders_seg_groups`', '`edi_orders_segs`', '`ediitemmapping`', '`edimessageformat`', '`freightcosts`', '`gltrans`', '`grns`', '`holdreasons`', '`lastcostrollup`', '`locations`', '`locstock`', '`loctransfers`', '`orderdeliverydifferenceslog`', '`paymentmethods`', '`paymentterms`', '`periods`', '`prices`', '`purchdata`', '`purchorderdetails`', '`purchorders`', '`recurringsalesorders`', '`recurrsalesorderdetails`', '`reportcolumns`', '`reportheaders`', '`salesanalysis`', '`salescat`', '`salescatprod`', '`salesglpostings`', '`salesman`', '`salesorderdetails`', '`salesorders`', '`salestypes`', '`scripts`', '`securitygroups`', '`securityroles`', '`securitytokens`', '`shipmentcharges`', '`shipments`', '`shippers`', '`stockcategory`', '`stockcheckfreeze`', '`stockcounts`', '`stockmaster`', '`stockmoves`', '`stockserialitems`', '`stockserialmoves`', '`suppallocs`', '`suppliercontacts`', '`suppliers`', '`supptrans`', '`systypes`', '`taxauthlevels`', '`taxauthorities`', '`unitsofmeasure`', '`workcentres`', '`worksorders`', '`www_users`']"
Weberp-3.02-demo_mod_sort.sql,85,"['`accountgroups`', '`accountsection`', '`areas`', '`bankaccounts`', '`banktrans`', '`bom`', '`buckets`', '`chartdetails`', '`chartmaster`', '`cogsglpostings`', '`companies`', '`config`', '`contractbom`', '`contractreqts`', '`contracts`', '`currencies`', '`custallocns`', '`custbranch`', '`debtorsmaster`', '`debtortrans`', '`discountmatrix`', '`edi_orders_seg_groups`', '`edi_orders_segs`', '`ediitemmapping`', '`edimessageformat`', '`freightcosts`', '`gltrans`', '`grns`', '`holdreasons`', '`lastcostrollup`', '`locations`', '`locstock`', '`loctransfers`', '`orderdeliverydifferenceslog`', '`paymentmethods`', '`paymentterms`', '`periods`', '`prices`', '`purchdata`', '`purchorderdetails`', '`purchorders`', '`recurringsalesorders`', '`recurrsalesorderdetails`', '`reportcolumns`', '`reportheaders`', '`salesanalysis`', '`salescat`', '`salescatprod`', '`salesglpostings`', '`salesman`', '`salesorderdetails`', '`salesorders`', '`salestypes`', '`scripts`', '`securitygroups`', '`securityroles`', '`securitytokens`', '`shipmentcharges`', '`shipments`', '`shippers`', '`stockcategory`', '`stockcheckfreeze`', '`stockcounts`', '`stockmaster`', '`stockmoves`', '`stockserialitems`', '`stockserialmoves`', '`suppallocs`', '`suppliercontacts`', '`suppliers`', '`supptrans`', '`systypes`', '`taxauthorities`', '`unitsofmeasure`', '`workcentres`', '`worksorders`', '`www_users`', '`debtortranstaxes`', '`stockmovestaxes`', '`supptranstaxes`', '`taxauthrates`', '`taxcategories`', '`taxgroups`', '`taxgrouptaxes`', '`taxprovinces`']"
Weberp-3.03-demo_mod_sort.sql,85,"['`accountgroups`', '`accountsection`', '`areas`', '`bankaccounts`', '`banktrans`', '`bom`', '`buckets`', '`chartdetails`', '`chartmaster`', '`cogsglpostings`', '`companies`', '`config`', '`contractbom`', '`contractreqts`', '`contracts`', '`currencies`', '`custallocns`', '`custbranch`', '`debtorsmaster`', '`debtortrans`', '`discountmatrix`', '`edi_orders_seg_groups`', '`edi_orders_segs`', '`ediitemmapping`', '`edimessageformat`', '`freightcosts`', '`gltrans`', '`grns`', '`holdreasons`', '`lastcostrollup`', '`locations`', '`locstock`', '`loctransfers`', '`orderdeliverydifferenceslog`', '`paymentmethods`', '`paymentterms`', '`periods`', '`prices`', '`purchdata`', '`purchorderdetails`', '`purchorders`', '`recurringsalesorders`', '`recurrsalesorderdetails`', '`reportcolumns`', '`reportheaders`', '`salesanalysis`', '`salescat`', '`salescatprod`', '`salesglpostings`', '`salesman`', '`salesorderdetails`', '`salesorders`', '`salestypes`', '`scripts`', '`securitygroups`', '`securityroles`', '`securitytokens`', '`shipmentcharges`', '`shipments`', '`shippers`', '`stockcategory`', '`stockcheckfreeze`', '`stockcounts`', '`stockmaster`', '`stockmoves`', '`stockserialitems`', '`stockserialmoves`', '`suppallocs`', '`suppliercontacts`', '`suppliers`', '`supptrans`', '`systypes`', '`taxauthorities`', '`unitsofmeasure`', '`workcentres`', '`worksorders`', '`www_users`', '`debtortranstaxes`', '`stockmovestaxes`', '`supptranstaxes`', '`taxauthrates`', '`taxcategories`', '`taxgroups`', '`taxgrouptaxes`', '`taxprovinces`']"
Weberp-3.04-demo_mod_sort.sql,85,"['`accountgroups`', '`accountsection`', '`areas`', '`bankaccounts`', '`banktrans`', '`bom`', '`buckets`', '`chartdetails`', '`chartmaster`', '`cogsglpostings`', '`companies`', '`config`', '`contractbom`', '`contractreqts`', '`contracts`', '`currencies`', '`custallocns`', '`custbranch`', '`debtorsmaster`', '`debtortrans`', '`discountmatrix`', '`edi_orders_seg_groups`', '`edi_orders_segs`', '`ediitemmapping`', '`edimessageformat`', '`freightcosts`', '`gltrans`', '`grns`', '`holdreasons`', '`lastcostrollup`', '`locations`', '`locstock`', '`loctransfers`', '`orderdeliverydifferenceslog`', '`paymentmethods`', '`paymentterms`', '`periods`', '`prices`', '`purchdata`', '`purchorderdetails`', '`purchorders`', '`recurringsalesorders`', '`recurrsalesorderdetails`', '`reportcolumns`', '`reportheaders`', '`salesanalysis`', '`salescat`', '`salescatprod`', '`salesglpostings`', '`salesman`', '`salesorderdetails`', '`salesorders`', '`salestypes`', '`scripts`', '`securitygroups`', '`securityroles`', '`securitytokens`', '`shipmentcharges`', '`shipments`', '`shippers`', '`stockcategory`', '`stockcheckfreeze`', '`stockcounts`', '`stockmaster`', '`stockmoves`', '`stockserialitems`', '`stockserialmoves`', '`suppallocs`', '`suppliercontacts`', '`suppliers`', '`supptrans`', '`systypes`', '`taxauthorities`', '`unitsofmeasure`', '`workcentres`', '`worksorders`', '`www_users`', '`debtortranstaxes`', '`stockmovestaxes`', '`supptranstaxes`', '`taxauthrates`', '`taxcategories`', '`taxgroups`', '`taxgrouptaxes`', '`taxprovinces`']"
Weberp-3.05-demo_mod_sort.sql,88,"['`accountgroups`', '`accountsection`', '`areas`', '`bankaccounts`', '`banktrans`', '`bom`', '`buckets`', '`chartdetails`', '`chartmaster`', '`cogsglpostings`', '`companies`', '`config`', '`contractbom`', '`contractreqts`', '`contracts`', '`currencies`', '`custallocns`', '`custbranch`', '`debtorsmaster`', '`debtortrans`', '`discountmatrix`', '`edi_orders_seg_groups`', '`edi_orders_segs`', '`ediitemmapping`', '`edimessageformat`', '`freightcosts`', '`gltrans`', '`grns`', '`holdreasons`', '`lastcostrollup`', '`locations`', '`locstock`', '`loctransfers`', '`orderdeliverydifferenceslog`', '`paymentmethods`', '`paymentterms`', '`periods`', '`prices`', '`purchdata`', '`purchorderdetails`', '`purchorders`', '`recurringsalesorders`', '`recurrsalesorderdetails`', '`reportcolumns`', '`reportheaders`', '`salesanalysis`', '`salescat`', '`salescatprod`', '`salesglpostings`', '`salesman`', '`salesorderdetails`', '`salesorders`', '`salestypes`', '`scripts`', '`securitygroups`', '`securityroles`', '`securitytokens`', '`shipmentcharges`', '`shipments`', '`shippers`', '`stockcategory`', '`stockcheckfreeze`', '`stockcounts`', '`stockmaster`', '`stockmoves`', '`stockserialitems`', '`stockserialmoves`', '`suppallocs`', '`suppliercontacts`', '`suppliers`', '`supptrans`', '`systypes`', '`taxauthorities`', '`unitsofmeasure`', '`workcentres`', '`worksorders`', '`www_users`', '`debtortranstaxes`', '`stockmovestaxes`', '`supptranstaxes`', '`taxauthrates`', '`taxcategories`', '`taxgroups`', '`taxgrouptaxes`', '`taxprovinces`', '`reportfields`', '`reportlinks`', '`reports`']"
Weberp-3.06-demo_mod_sort.sql,90,"['`accountgroups`', '`accountsection`', '`areas`', '`bankaccounts`', '`banktrans`', '`bom`', '`buckets`', '`chartdetails`', '`chartmaster`', '`cogsglpostings`', '`companies`', '`config`', '`contractbom`', '`contractreqts`', '`contracts`', '`currencies`', '`custallocns`', '`custbranch`', '`debtorsmaster`', '`debtortrans`', '`discountmatrix`', '`edi_orders_seg_groups`', '`edi_orders_segs`', '`ediitemmapping`', '`edimessageformat`', '`freightcosts`', '`gltrans`', '`grns`', '`holdreasons`', '`lastcostrollup`', '`locations`', '`locstock`', '`loctransfers`', '`orderdeliverydifferenceslog`', '`paymentmethods`', '`paymentterms`', '`periods`', '`prices`', '`purchdata`', '`purchorderdetails`', '`purchorders`', '`recurringsalesorders`', '`recurrsalesorderdetails`', '`reportcolumns`', '`reportheaders`', '`salesanalysis`', '`salescat`', '`salescatprod`', '`salesglpostings`', '`salesman`', '`salesorderdetails`', '`salesorders`', '`salestypes`', '`scripts`', '`securitygroups`', '`securityroles`', '`securitytokens`', '`shipmentcharges`', '`shipments`', '`shippers`', '`stockcategory`', '`stockcheckfreeze`', '`stockcounts`', '`stockmaster`', '`stockmoves`', '`stockserialitems`', '`stockserialmoves`', '`suppallocs`', '`suppliercontacts`', '`suppliers`', '`supptrans`', '`systypes`', '`taxauthorities`', '`unitsofmeasure`', '`workcentres`', '`www_users`', '`debtortranstaxes`', '`stockmovestaxes`', '`supptranstaxes`', '`taxauthrates`', '`taxcategories`', '`taxgroups`', '`taxgrouptaxes`', '`taxprovinces`', '`reportfields`', '`reportlinks`', '`reports`', '`woitems`', '`workorders`', '`worequirements`']"
Weberp-3.07-demo_mod_sort.sql,92,"['`accountgroups`', '`accountsection`', '`areas`', '`bankaccounts`', '`banktrans`', '`bom`', '`buckets`', '`chartdetails`', '`chartmaster`', '`cogsglpostings`', '`companies`', '`config`', '`contractbom`', '`contractreqts`', '`contracts`', '`currencies`', '`custallocns`', '`custbranch`', '`debtorsmaster`', '`debtortrans`', '`discountmatrix`', '`edi_orders_seg_groups`', '`edi_orders_segs`', '`ediitemmapping`', '`edimessageformat`', '`freightcosts`', '`gltrans`', '`grns`', '`holdreasons`', '`lastcostrollup`', '`locations`', '`locstock`', '`loctransfers`', '`orderdeliverydifferenceslog`', '`paymentmethods`', '`paymentterms`', '`periods`', '`prices`', '`purchdata`', '`purchorderdetails`', '`purchorders`', '`recurringsalesorders`', '`recurrsalesorderdetails`', '`reportcolumns`', '`reportheaders`', '`salesanalysis`', '`salescat`', '`salescatprod`', '`salesglpostings`', '`salesman`', '`salesorderdetails`', '`salesorders`', '`salestypes`', '`scripts`', '`securitygroups`', '`securityroles`', '`securitytokens`', '`shipmentcharges`', '`shipments`', '`shippers`', '`stockcategory`', '`stockcheckfreeze`', '`stockcounts`', '`stockmaster`', '`stockmoves`', '`stockserialitems`', '`stockserialmoves`', '`suppallocs`', '`suppliercontacts`', '`suppliers`', '`supptrans`', '`systypes`', '`taxauthorities`', '`unitsofmeasure`', '`workcentres`', '`www_users`', '`debtortranstaxes`', '`stockmovestaxes`', '`supptranstaxes`', '`taxauthrates`', '`taxcategories`', '`taxgroups`', '`taxgrouptaxes`', '`taxprovinces`', '`reportfields`', '`reportlinks`', '`reports`', '`woitems`', '`workorders`', '`stockcatproperties`', '`stockitemproperties`', '`worequirements`']"
Weberp-3.08-demo_mod_sort.sql,92,"['`accountgroups`', '`accountsection`', '`areas`', '`bankaccounts`', '`banktrans`', '`bom`', '`buckets`', '`chartdetails`', '`chartmaster`', '`cogsglpostings`', '`companies`', '`config`', '`contractbom`', '`contractreqts`', '`contracts`', '`currencies`', '`custallocns`', '`custbranch`', '`debtorsmaster`', '`debtortrans`', '`discountmatrix`', '`edi_orders_seg_groups`', '`edi_orders_segs`', '`ediitemmapping`', '`edimessageformat`', '`freightcosts`', '`gltrans`', '`grns`', '`holdreasons`', '`lastcostrollup`', '`locations`', '`locstock`', '`loctransfers`', '`orderdeliverydifferenceslog`', '`paymentmethods`', '`paymentterms`', '`periods`', '`prices`', '`purchdata`', '`purchorderdetails`', '`purchorders`', '`recurringsalesorders`', '`recurrsalesorderdetails`', '`reportcolumns`', '`reportheaders`', '`salesanalysis`', '`salescat`', '`salescatprod`', '`salesglpostings`', '`salesman`', '`salesorderdetails`', '`salesorders`', '`salestypes`', '`scripts`', '`securitygroups`', '`securityroles`', '`securitytokens`', '`shipmentcharges`', '`shipments`', '`shippers`', '`stockcategory`', '`stockcheckfreeze`', '`stockcounts`', '`stockmaster`', '`stockmoves`', '`stockserialitems`', '`stockserialmoves`', '`suppallocs`', '`suppliercontacts`', '`suppliers`', '`supptrans`', '`systypes`', '`taxauthorities`', '`unitsofmeasure`', '`workcentres`', '`www_users`', '`debtortranstaxes`', '`stockmovestaxes`', '`supptranstaxes`', '`taxauthrates`', '`taxcategories`', '`taxgroups`', '`taxgrouptaxes`', '`taxprovinces`', '`reportfields`', '`reportlinks`', '`reports`', '`woitems`', '`workorders`', '`stockcatproperties`', '`stockitemproperties`', '`worequirements`']"
Weberp-3.09-demo_mod_sort.sql,95,"['`accountgroups`', '`accountsection`', '`areas`', '`bankaccounts`', '`banktrans`', '`bom`', '`buckets`', '`chartdetails`', '`chartmaster`', '`cogsglpostings`', '`companies`', '`config`', '`contractbom`', '`contractreqts`', '`contracts`', '`currencies`', '`custallocns`', '`custbranch`', '`debtorsmaster`', '`debtortrans`', '`discountmatrix`', '`edi_orders_seg_groups`', '`edi_orders_segs`', '`ediitemmapping`', '`edimessageformat`', '`freightcosts`', '`gltrans`', '`grns`', '`holdreasons`', '`lastcostrollup`', '`locations`', '`locstock`', '`loctransfers`', '`orderdeliverydifferenceslog`', '`paymentmethods`', '`paymentterms`', '`periods`', '`prices`', '`purchdata`', '`purchorderdetails`', '`purchorders`', '`recurringsalesorders`', '`recurrsalesorderdetails`', '`reportcolumns`', '`reportheaders`', '`salesanalysis`', '`salescat`', '`salescatprod`', '`salesglpostings`', '`salesman`', '`salesorderdetails`', '`salesorders`', '`salestypes`', '`scripts`', '`securitygroups`', '`securityroles`', '`securitytokens`', '`shipmentcharges`', '`shipments`', '`shippers`', '`stockcategory`', '`stockcheckfreeze`', '`stockcounts`', '`stockmaster`', '`stockmoves`', '`stockserialitems`', '`stockserialmoves`', '`suppallocs`', '`suppliercontacts`', '`suppliers`', '`supptrans`', '`systypes`', '`taxauthorities`', '`unitsofmeasure`', '`workcentres`', '`www_users`', '`debtortranstaxes`', '`stockmovestaxes`', '`supptranstaxes`', '`taxauthrates`', '`taxcategories`', '`taxgroups`', '`taxgrouptaxes`', '`taxprovinces`', '`reportfields`', '`reportlinks`', '`reports`', '`woitems`', '`workorders`', '`stockcatproperties`', '`stockitemproperties`', '`assetmanager`', '`audittrail`', '`factorcompanies`', '`worequirements`']"
Weberp-3.10-demo_mod_sort.sql,101,"['`accountgroups`', '`accountsection`', '`areas`', '`bankaccounts`', '`banktrans`', '`bom`', '`buckets`', '`chartdetails`', '`chartmaster`', '`cogsglpostings`', '`companies`', '`config`', '`contractbom`', '`contractreqts`', '`contracts`', '`currencies`', '`custallocns`', '`custbranch`', '`debtorsmaster`', '`debtortrans`', '`discountmatrix`', '`edi_orders_seg_groups`', '`edi_orders_segs`', '`ediitemmapping`', '`edimessageformat`', '`freightcosts`', '`gltrans`', '`grns`', '`holdreasons`', '`lastcostrollup`', '`locations`', '`locstock`', '`loctransfers`', '`orderdeliverydifferenceslog`', '`paymentmethods`', '`paymentterms`', '`periods`', '`prices`', '`purchdata`', '`purchorderdetails`', '`purchorders`', '`recurringsalesorders`', '`recurrsalesorderdetails`', '`reportcolumns`', '`reportheaders`', '`salesanalysis`', '`salescat`', '`salescatprod`', '`salesglpostings`', '`salesman`', '`salesorderdetails`', '`salesorders`', '`salestypes`', '`scripts`', '`securitygroups`', '`securityroles`', '`securitytokens`', '`shipmentcharges`', '`shipments`', '`shippers`', '`stockcategory`', '`stockcheckfreeze`', '`stockcounts`', '`stockmaster`', '`stockmoves`', '`stockserialitems`', '`stockserialmoves`', '`suppallocs`', '`suppliercontacts`', '`suppliers`', '`supptrans`', '`systypes`', '`taxauthorities`', '`unitsofmeasure`', '`workcentres`', '`www_users`', '`debtortranstaxes`', '`stockmovestaxes`', '`supptranstaxes`', '`taxauthrates`', '`taxcategories`', '`taxgroups`', '`taxgrouptaxes`', '`taxprovinces`', '`reportfields`', '`reportlinks`', '`reports`', '`woitems`', '`workorders`', '`stockcatproperties`', '`stockitemproperties`', '`assetmanager`', '`audittrail`', '`factorcompanies`', '`custcontacts`', '`custnotes`', '`debtortype`', '`debtortypenotes`', '`geocode_param`', '`tags`', '`worequirements`']"
Weberp-3.11-demo_mod_sort.sql,107,"['`accountgroups`', '`accountsection`', '`areas`', '`bankaccounts`', '`banktrans`', '`bom`', '`buckets`', '`chartdetails`', '`chartmaster`', '`cogsglpostings`', '`companies`', '`config`', '`contractbom`', '`contractreqts`', '`contracts`', '`currencies`', '`custallocns`', '`custbranch`', '`debtorsmaster`', '`debtortrans`', '`discountmatrix`', '`edi_orders_seg_groups`', '`edi_orders_segs`', '`ediitemmapping`', '`edimessageformat`', '`freightcosts`', '`gltrans`', '`grns`', '`holdreasons`', '`lastcostrollup`', '`locations`', '`locstock`', '`loctransfers`', '`orderdeliverydifferenceslog`', '`paymentmethods`', '`paymentterms`', '`periods`', '`prices`', '`purchdata`', '`purchorderdetails`', '`purchorders`', '`recurringsalesorders`', '`recurrsalesorderdetails`', '`reportcolumns`', '`reportheaders`', '`salesanalysis`', '`salescat`', '`salescatprod`', '`salesglpostings`', '`salesman`', '`salesorderdetails`', '`salesorders`', '`salestypes`', '`scripts`', '`securitygroups`', '`securityroles`', '`securitytokens`', '`shipmentcharges`', '`shipments`', '`shippers`', '`stockcategory`', '`stockcheckfreeze`', '`stockcounts`', '`stockmaster`', '`stockmoves`', '`stockserialitems`', '`stockserialmoves`', '`suppallocs`', '`suppliercontacts`', '`suppliers`', '`supptrans`', '`systypes`', '`taxauthorities`', '`unitsofmeasure`', '`workcentres`', '`www_users`', '`debtortranstaxes`', '`stockmovestaxes`', '`supptranstaxes`', '`taxauthrates`', '`taxcategories`', '`taxgroups`', '`taxgrouptaxes`', '`taxprovinces`', '`reportfields`', '`reportlinks`', '`reports`', '`woitems`', '`workorders`', '`stockcatproperties`', '`stockitemproperties`', '`assetmanager`', '`audittrail`', '`factorcompanies`', '`custcontacts`', '`custnotes`', '`debtortype`', '`debtortypenotes`', '`geocode_param`', '`tags`', '`deliverynotes`', '`mrpcalendar`', '`mrpdemandtypes`', '`purchorderauth`', '`woserialnos`', '`worequirements`', '`mrpdemands`']"
Weberp-3.11.1-demo_mod_sort.sql,107,"['`accountgroups`', '`accountsection`', '`areas`', '`bankaccounts`', '`banktrans`', '`bom`', '`buckets`', '`chartdetails`', '`chartmaster`', '`cogsglpostings`', '`companies`', '`config`', '`contractbom`', '`contractreqts`', '`contracts`', '`currencies`', '`custallocns`', '`custbranch`', '`debtorsmaster`', '`debtortrans`', '`discountmatrix`', '`edi_orders_seg_groups`', '`edi_orders_segs`', '`ediitemmapping`', '`edimessageformat`', '`freightcosts`', '`gltrans`', '`grns`', '`holdreasons`', '`lastcostrollup`', '`locations`', '`locstock`', '`loctransfers`', '`orderdeliverydifferenceslog`', '`paymentmethods`', '`paymentterms`', '`periods`', '`prices`', '`purchdata`', '`purchorderdetails`', '`purchorders`', '`recurringsalesorders`', '`recurrsalesorderdetails`', '`reportcolumns`', '`reportheaders`', '`salesanalysis`', '`salescat`', '`salescatprod`', '`salesglpostings`', '`salesman`', '`salesorderdetails`', '`salesorders`', '`salestypes`', '`scripts`', '`securitygroups`', '`securityroles`', '`securitytokens`', '`shipmentcharges`', '`shipments`', '`shippers`', '`stockcategory`', '`stockcheckfreeze`', '`stockcounts`', '`stockmaster`', '`stockmoves`', '`stockserialitems`', '`stockserialmoves`', '`suppallocs`', '`suppliercontacts`', '`suppliers`', '`supptrans`', '`systypes`', '`taxauthorities`', '`unitsofmeasure`', '`workcentres`', '`www_users`', '`debtortranstaxes`', '`stockmovestaxes`', '`supptranstaxes`', '`taxauthrates`', '`taxcategories`', '`taxgroups`', '`taxgrouptaxes`', '`taxprovinces`', '`reportfields`', '`reportlinks`', '`reports`', '`woitems`', '`workorders`', '`stockcatproperties`', '`stockitemproperties`', '`assetmanager`', '`audittrail`', '`factorcompanies`', '`custcontacts`', '`custnotes`', '`debtortype`', '`debtortypenotes`', '`geocode_param`', '`tags`', '`deliverynotes`', '`mrpcalendar`', '`mrpdemandtypes`', '`purchorderauth`', '`woserialnos`', '`worequirements`', '`mrpdemands`']"
Weberp-4.00-demo_mod_sort.sql,122,"['`accountgroups`', '`accountsection`', '`areas`', '`bankaccounts`', '`banktrans`', '`bom`', '`buckets`', '`chartdetails`', '`chartmaster`', '`cogsglpostings`', '`companies`', '`config`', '`contractbom`', '`contractreqts`', '`contracts`', '`currencies`', '`custallocns`', '`custbranch`', '`debtorsmaster`', '`debtortrans`', '`discountmatrix`', '`edi_orders_seg_groups`', '`edi_orders_segs`', '`ediitemmapping`', '`edimessageformat`', '`freightcosts`', '`gltrans`', '`grns`', '`holdreasons`', '`lastcostrollup`', '`locations`', '`locstock`', '`loctransfers`', '`orderdeliverydifferenceslog`', '`paymentmethods`', '`paymentterms`', '`periods`', '`prices`', '`purchdata`', '`purchorderdetails`', '`purchorders`', '`recurringsalesorders`', '`recurrsalesorderdetails`', '`reportcolumns`', '`reportheaders`', '`salesanalysis`', '`salescat`', '`salescatprod`', '`salesglpostings`', '`salesman`', '`salesorderdetails`', '`salesorders`', '`salestypes`', '`scripts`', '`securitygroups`', '`securityroles`', '`securitytokens`', '`shipmentcharges`', '`shipments`', '`shippers`', '`stockcategory`', '`stockcheckfreeze`', '`stockcounts`', '`stockmaster`', '`stockmoves`', '`stockserialitems`', '`stockserialmoves`', '`suppallocs`', '`suppliercontacts`', '`suppliers`', '`supptrans`', '`systypes`', '`taxauthorities`', '`unitsofmeasure`', '`workcentres`', '`www_users`', '`debtortranstaxes`', '`stockmovestaxes`', '`supptranstaxes`', '`taxauthrates`', '`taxcategories`', '`taxgroups`', '`taxgrouptaxes`', '`taxprovinces`', '`reportfields`', '`reportlinks`', '`reports`', '`woitems`', '`workorders`', '`stockcatproperties`', '`stockitemproperties`', '`assetmanager`', '`audittrail`', '`factorcompanies`', '`custcontacts`', '`custnotes`', '`debtortype`', '`debtortypenotes`', '`geocode_param`', '`tags`', '`deliverynotes`', '`mrpcalendar`', '`mrpdemandtypes`', '`purchorderauth`', '`woserialnos`', '`contractcharges`', '`emailsettings`', '`fixedassetcategories`', '`fixedassetlocations`', '`fixedassets`', '`fixedassettrans`', '`offers`', '`pcashdetails`', '`pcexpenses`', '`pctabexpenses`', '`pctabs`', '`pctypetabs`', '`pickinglistdetails`', '`pickinglists`', '`suppliertype`', '`worequirements`', '`mrpdemands`']"
Weberp-4.04-demo_mod_sort.sql,122,"['`accountgroups`', '`accountsection`', '`areas`', '`bankaccounts`', '`banktrans`', '`bom`', '`buckets`', '`chartdetails`', '`chartmaster`', '`cogsglpostings`', '`companies`', '`config`', '`contractbom`', '`contractreqts`', '`contracts`', '`currencies`', '`custallocns`', '`custbranch`', '`debtorsmaster`', '`debtortrans`', '`discountmatrix`', '`edi_orders_seg_groups`', '`edi_orders_segs`', '`ediitemmapping`', '`edimessageformat`', '`freightcosts`', '`gltrans`', '`grns`', '`holdreasons`', '`lastcostrollup`', '`locations`', '`locstock`', '`loctransfers`', '`orderdeliverydifferenceslog`', '`paymentmethods`', '`paymentterms`', '`periods`', '`prices`', '`purchdata`', '`purchorderdetails`', '`purchorders`', '`recurringsalesorders`', '`recurrsalesorderdetails`', '`reportcolumns`', '`reportheaders`', '`salesanalysis`', '`salescat`', '`salescatprod`', '`salesglpostings`', '`salesman`', '`salesorderdetails`', '`salesorders`', '`salestypes`', '`scripts`', '`securitygroups`', '`securityroles`', '`securitytokens`', '`shipmentcharges`', '`shipments`', '`shippers`', '`stockcategory`', '`stockcheckfreeze`', '`stockcounts`', '`stockmaster`', '`stockmoves`', '`stockserialitems`', '`stockserialmoves`', '`suppallocs`', '`suppliercontacts`', '`suppliers`', '`supptrans`', '`systypes`', '`taxauthorities`', '`unitsofmeasure`', '`workcentres`', '`www_users`', '`debtortranstaxes`', '`stockmovestaxes`', '`supptranstaxes`', '`taxauthrates`', '`taxcategories`', '`taxgroups`', '`taxgrouptaxes`', '`taxprovinces`', '`reportfields`', '`reportlinks`', '`reports`', '`woitems`', '`workorders`', '`stockcatproperties`', '`stockitemproperties`', '`assetmanager`', '`audittrail`', '`factorcompanies`', '`custcontacts`', '`custnotes`', '`debtortype`', '`debtortypenotes`', '`geocode_param`', '`tags`', '`deliverynotes`', '`mrpcalendar`', '`mrpdemandtypes`', '`purchorderauth`', '`woserialnos`', '`contractcharges`', '`emailsettings`', '`fixedassetcategories`', '`fixedassetlocations`', '`fixedassets`', '`fixedassettrans`', '`offers`', '`pcashdetails`', '`pcexpenses`', '`pctabexpenses`', '`pctabs`', '`pctypetabs`', '`pickinglistdetails`', '`pickinglists`', '`suppliertype`', '`worequirements`', '`mrpdemands`']"
Weberp-4.04.1-demo_mod_sort.sql,122,"['`accountgroups`', '`accountsection`', '`areas`', '`bankaccounts`', '`banktrans`', '`bom`', '`buckets`', '`chartdetails`', '`chartmaster`', '`cogsglpostings`', '`companies`', '`config`', '`contractbom`', '`contractreqts`', '`contracts`', '`currencies`', '`custallocns`', '`custbranch`', '`debtorsmaster`', '`debtortrans`', '`discountmatrix`', '`edi_orders_seg_groups`', '`edi_orders_segs`', '`ediitemmapping`', '`edimessageformat`', '`freightcosts`', '`gltrans`', '`grns`', '`holdreasons`', '`lastcostrollup`', '`locations`', '`locstock`', '`loctransfers`', '`orderdeliverydifferenceslog`', '`paymentmethods`', '`paymentterms`', '`periods`', '`prices`', '`purchdata`', '`purchorderdetails`', '`purchorders`', '`recurringsalesorders`', '`recurrsalesorderdetails`', '`reportcolumns`', '`reportheaders`', '`salesanalysis`', '`salescat`', '`salescatprod`', '`salesglpostings`', '`salesman`', '`salesorderdetails`', '`salesorders`', '`salestypes`', '`scripts`', '`securitygroups`', '`securityroles`', '`securitytokens`', '`shipmentcharges`', '`shipments`', '`shippers`', '`stockcategory`', '`stockcheckfreeze`', '`stockcounts`', '`stockmaster`', '`stockmoves`', '`stockserialitems`', '`stockserialmoves`', '`suppallocs`', '`suppliercontacts`', '`suppliers`', '`supptrans`', '`systypes`', '`taxauthorities`', '`unitsofmeasure`', '`workcentres`', '`www_users`', '`debtortranstaxes`', '`stockmovestaxes`', '`supptranstaxes`', '`taxauthrates`', '`taxcategories`', '`taxgroups`', '`taxgrouptaxes`', '`taxprovinces`', '`reportfields`', '`reportlinks`', '`reports`', '`woitems`', '`workorders`', '`stockcatproperties`', '`stockitemproperties`', '`assetmanager`', '`audittrail`', '`factorcompanies`', '`custcontacts`', '`custnotes`', '`debtortype`', '`debtortypenotes`', '`geocode_param`', '`tags`', '`deliverynotes`', '`mrpcalendar`', '`mrpdemandtypes`', '`purchorderauth`', '`woserialnos`', '`contractcharges`', '`emailsettings`', '`fixedassetcategories`', '`fixedassetlocations`', '`fixedassets`', '`fixedassettrans`', '`offers`', '`pcashdetails`', '`pcexpenses`', '`pctabexpenses`', '`pctabs`', '`pctypetabs`', '`pickinglistdetails`', '`pickinglists`', '`suppliertype`', '`worequirements`', '`mrpdemands`']"
Weberp-4.04.4-demo_mod_sort.sql,122,"['`accountgroups`', '`accountsection`', '`areas`', '`bankaccounts`', '`banktrans`', '`bom`', '`buckets`', '`chartdetails`', '`chartmaster`', '`cogsglpostings`', '`companies`', '`config`', '`contractbom`', '`contractreqts`', '`contracts`', '`currencies`', '`custallocns`', '`custbranch`', '`debtorsmaster`', '`debtortrans`', '`discountmatrix`', '`edi_orders_seg_groups`', '`edi_orders_segs`', '`ediitemmapping`', '`edimessageformat`', '`freightcosts`', '`gltrans`', '`grns`', '`holdreasons`', '`lastcostrollup`', '`locations`', '`locstock`', '`loctransfers`', '`orderdeliverydifferenceslog`', '`paymentmethods`', '`paymentterms`', '`periods`', '`prices`', '`purchdata`', '`purchorderdetails`', '`purchorders`', '`recurringsalesorders`', '`recurrsalesorderdetails`', '`reportcolumns`', '`reportheaders`', '`salesanalysis`', '`salescat`', '`salescatprod`', '`salesglpostings`', '`salesman`', '`salesorderdetails`', '`salesorders`', '`salestypes`', '`scripts`', '`securitygroups`', '`securityroles`', '`securitytokens`', '`shipmentcharges`', '`shipments`', '`shippers`', '`stockcategory`', '`stockcheckfreeze`', '`stockcounts`', '`stockmaster`', '`stockmoves`', '`stockserialitems`', '`stockserialmoves`', '`suppallocs`', '`suppliercontacts`', '`suppliers`', '`supptrans`', '`systypes`', '`taxauthorities`', '`unitsofmeasure`', '`workcentres`', '`www_users`', '`debtortranstaxes`', '`stockmovestaxes`', '`supptranstaxes`', '`taxauthrates`', '`taxcategories`', '`taxgroups`', '`taxgrouptaxes`', '`taxprovinces`', '`reportfields`', '`reportlinks`', '`reports`', '`woitems`', '`workorders`', '`stockcatproperties`', '`stockitemproperties`', '`assetmanager`', '`audittrail`', '`factorcompanies`', '`custcontacts`', '`custnotes`', '`debtortype`', '`debtortypenotes`', '`geocode_param`', '`tags`', '`deliverynotes`', '`mrpcalendar`', '`mrpdemandtypes`', '`purchorderauth`', '`woserialnos`', '`contractcharges`', '`emailsettings`', '`fixedassetcategories`', '`fixedassetlocations`', '`fixedassets`', '`fixedassettrans`', '`offers`', '`pcashdetails`', '`pcexpenses`', '`pctabexpenses`', '`pctabs`', '`pctypetabs`', '`pickinglistdetails`', '`pickinglists`', '`suppliertype`', '`worequirements`', '`mrpdemands`']"
Weberp-4.04.5-demo_mod_sort.sql,122,"['`accountgroups`', '`accountsection`', '`areas`', '`bankaccounts`', '`banktrans`', '`bom`', '`buckets`', '`chartdetails`', '`chartmaster`', '`cogsglpostings`', '`companies`', '`config`', '`contractbom`', '`contractreqts`', '`contracts`', '`currencies`', '`custallocns`', '`custbranch`', '`debtorsmaster`', '`debtortrans`', '`discountmatrix`', '`edi_orders_seg_groups`', '`edi_orders_segs`', '`ediitemmapping`', '`edimessageformat`', '`freightcosts`', '`gltrans`', '`grns`', '`holdreasons`', '`lastcostrollup`', '`locations`', '`locstock`', '`loctransfers`', '`orderdeliverydifferenceslog`', '`paymentmethods`', '`paymentterms`', '`periods`', '`prices`', '`purchdata`', '`purchorderdetails`', '`purchorders`', '`recurringsalesorders`', '`recurrsalesorderdetails`', '`reportcolumns`', '`reportheaders`', '`salesanalysis`', '`salescat`', '`salescatprod`', '`salesglpostings`', '`salesman`', '`salesorderdetails`', '`salesorders`', '`salestypes`', '`scripts`', '`securitygroups`', '`securityroles`', '`securitytokens`', '`shipmentcharges`', '`shipments`', '`shippers`', '`stockcategory`', '`stockcheckfreeze`', '`stockcounts`', '`stockmaster`', '`stockmoves`', '`stockserialitems`', '`stockserialmoves`', '`suppallocs`', '`suppliercontacts`', '`suppliers`', '`supptrans`', '`systypes`', '`taxauthorities`', '`unitsofmeasure`', '`workcentres`', '`www_users`', '`debtortranstaxes`', '`stockmovestaxes`', '`supptranstaxes`', '`taxauthrates`', '`taxcategories`', '`taxgroups`', '`taxgrouptaxes`', '`taxprovinces`', '`reportfields`', '`reportlinks`', '`reports`', '`woitems`', '`workorders`', '`stockcatproperties`', '`stockitemproperties`', '`assetmanager`', '`audittrail`', '`factorcompanies`', '`custcontacts`', '`custnotes`', '`debtortype`', '`debtortypenotes`', '`geocode_param`', '`tags`', '`deliverynotes`', '`mrpcalendar`', '`mrpdemandtypes`', '`purchorderauth`', '`woserialnos`', '`contractcharges`', '`emailsettings`', '`fixedassetcategories`', '`fixedassetlocations`', '`fixedassets`', '`fixedassettrans`', '`offers`', '`pcashdetails`', '`pcexpenses`', '`pctabexpenses`', '`pctabs`', '`pctypetabs`', '`pickinglistdetails`', '`pickinglists`', '`suppliertype`', '`worequirements`', '`mrpdemands`']"
Weberp-4.05-demo_mod_sort.sql,122,"['`accountgroups`', '`accountsection`', '`areas`', '`bankaccounts`', '`banktrans`', '`bom`', '`buckets`', '`chartdetails`', '`chartmaster`', '`cogsglpostings`', '`companies`', '`config`', '`contractbom`', '`contractreqts`', '`contracts`', '`currencies`', '`custallocns`', '`custbranch`', '`debtorsmaster`', '`debtortrans`', '`discountmatrix`', '`edi_orders_seg_groups`', '`edi_orders_segs`', '`ediitemmapping`', '`edimessageformat`', '`freightcosts`', '`gltrans`', '`grns`', '`holdreasons`', '`lastcostrollup`', '`locations`', '`locstock`', '`loctransfers`', '`orderdeliverydifferenceslog`', '`paymentmethods`', '`paymentterms`', '`periods`', '`prices`', '`purchdata`', '`purchorderdetails`', '`purchorders`', '`recurringsalesorders`', '`recurrsalesorderdetails`', '`reportcolumns`', '`reportheaders`', '`salesanalysis`', '`salescat`', '`salescatprod`', '`salesglpostings`', '`salesman`', '`salesorderdetails`', '`salesorders`', '`salestypes`', '`scripts`', '`securitygroups`', '`securityroles`', '`securitytokens`', '`shipmentcharges`', '`shipments`', '`shippers`', '`stockcategory`', '`stockcheckfreeze`', '`stockcounts`', '`stockmaster`', '`stockmoves`', '`stockserialitems`', '`stockserialmoves`', '`suppallocs`', '`suppliercontacts`', '`suppliers`', '`supptrans`', '`systypes`', '`taxauthorities`', '`unitsofmeasure`', '`workcentres`', '`www_users`', '`debtortranstaxes`', '`stockmovestaxes`', '`supptranstaxes`', '`taxauthrates`', '`taxcategories`', '`taxgroups`', '`taxgrouptaxes`', '`taxprovinces`', '`reportfields`', '`reportlinks`', '`reports`', '`woitems`', '`workorders`', '`stockcatproperties`', '`stockitemproperties`', '`assetmanager`', '`audittrail`', '`factorcompanies`', '`custcontacts`', '`custnotes`', '`debtortype`', '`debtortypenotes`', '`geocode_param`', '`tags`', '`deliverynotes`', '`mrpcalendar`', '`mrpdemandtypes`', '`purchorderauth`', '`woserialnos`', '`contractcharges`', '`emailsettings`', '`fixedassetcategories`', '`fixedassetlocations`', '`fixedassets`', '`fixedassettrans`', '`offers`', '`pcashdetails`', '`pcexpenses`', '`pctabexpenses`', '`pctabs`', '`pctypetabs`', '`pickinglistdetails`', '`pickinglists`', '`suppliertype`', '`worequirements`', '`mrpdemands`']"
Weberp-4.06-demo_mod_sort.sql,122,"['`accountgroups`', '`accountsection`', '`areas`', '`bankaccounts`', '`banktrans`', '`bom`', '`buckets`', '`chartdetails`', '`chartmaster`', '`cogsglpostings`', '`companies`', '`config`', '`contractbom`', '`contractreqts`', '`contracts`', '`currencies`', '`custallocns`', '`custbranch`', '`debtorsmaster`', '`debtortrans`', '`discountmatrix`', '`edi_orders_seg_groups`', '`edi_orders_segs`', '`ediitemmapping`', '`edimessageformat`', '`freightcosts`', '`gltrans`', '`grns`', '`holdreasons`', '`lastcostrollup`', '`locations`', '`locstock`', '`loctransfers`', '`orderdeliverydifferenceslog`', '`paymentmethods`', '`paymentterms`', '`periods`', '`prices`', '`purchdata`', '`purchorderdetails`', '`purchorders`', '`recurringsalesorders`', '`recurrsalesorderdetails`', '`reportcolumns`', '`reportheaders`', '`salesanalysis`', '`salescat`', '`salescatprod`', '`salesglpostings`', '`salesman`', '`salesorderdetails`', '`salesorders`', '`salestypes`', '`scripts`', '`securitygroups`', '`securityroles`', '`securitytokens`', '`shipmentcharges`', '`shipments`', '`shippers`', '`stockcategory`', '`stockcheckfreeze`', '`stockcounts`', '`stockmaster`', '`stockmoves`', '`stockserialitems`', '`stockserialmoves`', '`suppallocs`', '`suppliercontacts`', '`suppliers`', '`supptrans`', '`systypes`', '`taxauthorities`', '`unitsofmeasure`', '`workcentres`', '`www_users`', '`debtortranstaxes`', '`stockmovestaxes`', '`supptranstaxes`', '`taxauthrates`', '`taxcategories`', '`taxgroups`', '`taxgrouptaxes`', '`taxprovinces`', '`reportfields`', '`reportlinks`', '`reports`', '`woitems`', '`workorders`', '`stockcatproperties`', '`stockitemproperties`', '`assetmanager`', '`audittrail`', '`factorcompanies`', '`custcontacts`', '`custnotes`', '`debtortype`', '`debtortypenotes`', '`geocode_param`', '`tags`', '`deliverynotes`', '`mrpcalendar`', '`mrpdemandtypes`', '`purchorderauth`', '`woserialnos`', '`contractcharges`', '`emailsettings`', '`fixedassetcategories`', '`fixedassetlocations`', '`fixedassets`', '`fixedassettrans`', '`offers`', '`pcashdetails`', '`pcexpenses`', '`pctabexpenses`', '`pctabs`', '`pctypetabs`', '`pickinglistdetails`', '`pickinglists`', '`suppliertype`', '`worequirements`', '`mrpdemands`']"
Weberp-4.07-demo_mod_sort.sql,125,"['`accountgroups`', '`accountsection`', '`areas`', '`bankaccounts`', '`banktrans`', '`bom`', '`buckets`', '`chartdetails`', '`chartmaster`', '`cogsglpostings`', '`companies`', '`config`', '`contractbom`', '`contractreqts`', '`contracts`', '`currencies`', '`custallocns`', '`custbranch`', '`debtorsmaster`', '`debtortrans`', '`discountmatrix`', '`edi_orders_seg_groups`', '`edi_orders_segs`', '`ediitemmapping`', '`edimessageformat`', '`freightcosts`', '`gltrans`', '`grns`', '`holdreasons`', '`lastcostrollup`', '`locations`', '`locstock`', '`loctransfers`', '`orderdeliverydifferenceslog`', '`paymentmethods`', '`paymentterms`', '`periods`', '`prices`', '`purchdata`', '`purchorderdetails`', '`purchorders`', '`recurringsalesorders`', '`recurrsalesorderdetails`', '`reportcolumns`', '`reportheaders`', '`salesanalysis`', '`salescat`', '`salescatprod`', '`salesglpostings`', '`salesman`', '`salesorderdetails`', '`salesorders`', '`salestypes`', '`scripts`', '`securitygroups`', '`securityroles`', '`securitytokens`', '`shipmentcharges`', '`shipments`', '`shippers`', '`stockcategory`', '`stockcheckfreeze`', '`stockcounts`', '`stockmaster`', '`stockmoves`', '`stockserialitems`', '`stockserialmoves`', '`suppallocs`', '`suppliercontacts`', '`suppliers`', '`supptrans`', '`systypes`', '`taxauthorities`', '`unitsofmeasure`', '`workcentres`', '`www_users`', '`debtortranstaxes`', '`stockmovestaxes`', '`supptranstaxes`', '`taxauthrates`', '`taxcategories`', '`taxgroups`', '`taxgrouptaxes`', '`taxprovinces`', '`reportfields`', '`reportlinks`', '`reports`', '`woitems`', '`workorders`', '`stockcatproperties`', '`stockitemproperties`', '`assetmanager`', '`audittrail`', '`factorcompanies`', '`custcontacts`', '`custnotes`', '`debtortype`', '`debtortypenotes`', '`geocode_param`', '`tags`', '`deliverynotes`', '`mrpcalendar`', '`mrpdemandtypes`', '`purchorderauth`', '`woserialnos`', '`contractcharges`', '`emailsettings`', '`fixedassetcategories`', '`fixedassetlocations`', '`fixedassets`', '`fixedassettrans`', '`offers`', '`pcashdetails`', '`pcexpenses`', '`pctabexpenses`', '`pctabs`', '`pctypetabs`', '`pickinglistdetails`', '`pickinglists`', '`suppliertype`', '`tenderitems`', '`tenders`', '`tendersuppliers`', '`worequirements`', '`mrpdemands`']"
Weberp-4.08-demo_mod_sort.sql,130,"['`accountgroups`', '`accountsection`', '`areas`', '`bankaccounts`', '`banktrans`', '`bom`', '`buckets`', '`chartdetails`', '`chartmaster`', '`cogsglpostings`', '`companies`', '`config`', '`contractbom`', '`contractreqts`', '`contracts`', '`currencies`', '`custallocns`', '`custbranch`', '`debtorsmaster`', '`debtortrans`', '`discountmatrix`', '`edi_orders_seg_groups`', '`edi_orders_segs`', '`ediitemmapping`', '`edimessageformat`', '`freightcosts`', '`gltrans`', '`grns`', '`holdreasons`', '`lastcostrollup`', '`locations`', '`locstock`', '`loctransfers`', '`orderdeliverydifferenceslog`', '`paymentmethods`', '`paymentterms`', '`periods`', '`prices`', '`purchdata`', '`purchorderdetails`', '`purchorders`', '`recurringsalesorders`', '`recurrsalesorderdetails`', '`reportcolumns`', '`reportheaders`', '`salesanalysis`', '`salescat`', '`salescatprod`', '`salesglpostings`', '`salesman`', '`salesorderdetails`', '`salesorders`', '`salestypes`', '`scripts`', '`securitygroups`', '`securityroles`', '`securitytokens`', '`shipmentcharges`', '`shipments`', '`shippers`', '`stockcategory`', '`stockcheckfreeze`', '`stockcounts`', '`stockmaster`', '`stockmoves`', '`stockserialitems`', '`stockserialmoves`', '`suppallocs`', '`suppliercontacts`', '`suppliers`', '`supptrans`', '`systypes`', '`taxauthorities`', '`unitsofmeasure`', '`workcentres`', '`www_users`', '`debtortranstaxes`', '`stockmovestaxes`', '`supptranstaxes`', '`taxauthrates`', '`taxcategories`', '`taxgroups`', '`taxgrouptaxes`', '`taxprovinces`', '`reportfields`', '`reportlinks`', '`reports`', '`woitems`', '`workorders`', '`stockcatproperties`', '`stockitemproperties`', '`assetmanager`', '`audittrail`', '`factorcompanies`', '`custcontacts`', '`custnotes`', '`debtortype`', '`debtortypenotes`', '`geocode_param`', '`tags`', '`deliverynotes`', '`mrpcalendar`', '`mrpdemandtypes`', '`purchorderauth`', '`woserialnos`', '`contractcharges`', '`emailsettings`', '`fixedassetcategories`', '`fixedassetlocations`', '`fixedassets`', '`fixedassettrans`', '`offers`', '`pcashdetails`', '`pcexpenses`', '`pctabexpenses`', '`pctabs`', '`pctypetabs`', '`pickinglistdetails`', '`pickinglists`', '`suppliertype`', '`tenderitems`', '`tenders`', '`tendersuppliers`', '`departments`', '`labelfields`', '`labels`', '`stockrequest`', '`stockrequestitems`', '`worequirements`', '`mrpdemands`']"
Weberp-4.09-demo_mod_sort.sql,131,"['`accountgroups`', '`accountsection`', '`areas`', '`bankaccounts`', '`banktrans`', '`bom`', '`buckets`', '`chartdetails`', '`chartmaster`', '`cogsglpostings`', '`companies`', '`config`', '`contractbom`', '`contractreqts`', '`contracts`', '`currencies`', '`custallocns`', '`custbranch`', '`debtorsmaster`', '`debtortrans`', '`discountmatrix`', '`edi_orders_seg_groups`', '`edi_orders_segs`', '`ediitemmapping`', '`edimessageformat`', '`freightcosts`', '`gltrans`', '`grns`', '`holdreasons`', '`lastcostrollup`', '`locations`', '`locstock`', '`loctransfers`', '`orderdeliverydifferenceslog`', '`paymentmethods`', '`paymentterms`', '`periods`', '`prices`', '`purchdata`', '`purchorderdetails`', '`purchorders`', '`recurringsalesorders`', '`recurrsalesorderdetails`', '`reportcolumns`', '`reportheaders`', '`salesanalysis`', '`salescat`', '`salescatprod`', '`salesglpostings`', '`salesman`', '`salesorderdetails`', '`salesorders`', '`salestypes`', '`scripts`', '`securitygroups`', '`securityroles`', '`securitytokens`', '`shipmentcharges`', '`shipments`', '`shippers`', '`stockcategory`', '`stockcheckfreeze`', '`stockcounts`', '`stockmaster`', '`stockmoves`', '`stockserialitems`', '`stockserialmoves`', '`suppallocs`', '`suppliercontacts`', '`suppliers`', '`supptrans`', '`systypes`', '`taxauthorities`', '`unitsofmeasure`', '`workcentres`', '`www_users`', '`debtortranstaxes`', '`stockmovestaxes`', '`supptranstaxes`', '`taxauthrates`', '`taxcategories`', '`taxgroups`', '`taxgrouptaxes`', '`taxprovinces`', '`reportfields`', '`reportlinks`', '`reports`', '`woitems`', '`workorders`', '`stockcatproperties`', '`stockitemproperties`', '`assetmanager`', '`audittrail`', '`factorcompanies`', '`custcontacts`', '`custnotes`', '`debtortype`', '`debtortypenotes`', '`geocode_param`', '`tags`', '`deliverynotes`', '`mrpcalendar`', '`mrpdemandtypes`', '`purchorderauth`', '`woserialnos`', '`contractcharges`', '`emailsettings`', '`fixedassetcategories`', '`fixedassetlocations`', '`fixedassets`', '`fixedassettrans`', '`offers`', '`pcashdetails`', '`pcexpenses`', '`pctabexpenses`', '`pctabs`', '`pctypetabs`', '`pickinglistdetails`', '`pickinglists`', '`suppliertype`', '`tenderitems`', '`tenders`', '`tendersuppliers`', '`departments`', '`labelfields`', '`labels`', '`stockrequest`', '`stockrequestitems`', '`internalstockcatrole`', '`worequirements`', '`mrpdemands`']"
Weberp-4.10-demo_mod_sort.sql,133,"['`accountgroups`', '`accountsection`', '`areas`', '`bankaccounts`', '`banktrans`', '`bom`', '`buckets`', '`chartdetails`', '`chartmaster`', '`cogsglpostings`', '`companies`', '`config`', '`contractbom`', '`contractreqts`', '`contracts`', '`currencies`', '`custallocns`', '`custbranch`', '`debtorsmaster`', '`debtortrans`', '`discountmatrix`', '`edi_orders_seg_groups`', '`edi_orders_segs`', '`ediitemmapping`', '`edimessageformat`', '`freightcosts`', '`gltrans`', '`grns`', '`holdreasons`', '`lastcostrollup`', '`locations`', '`locstock`', '`loctransfers`', '`orderdeliverydifferenceslog`', '`paymentmethods`', '`paymentterms`', '`periods`', '`prices`', '`purchdata`', '`purchorderdetails`', '`purchorders`', '`recurringsalesorders`', '`recurrsalesorderdetails`', '`reportcolumns`', '`reportheaders`', '`salesanalysis`', '`salescat`', '`salescatprod`', '`salesglpostings`', '`salesman`', '`salesorderdetails`', '`salesorders`', '`salestypes`', '`scripts`', '`securitygroups`', '`securityroles`', '`securitytokens`', '`shipmentcharges`', '`shipments`', '`shippers`', '`stockcategory`', '`stockcheckfreeze`', '`stockcounts`', '`stockmaster`', '`stockmoves`', '`stockserialitems`', '`stockserialmoves`', '`suppallocs`', '`suppliercontacts`', '`suppliers`', '`supptrans`', '`systypes`', '`taxauthorities`', '`unitsofmeasure`', '`workcentres`', '`www_users`', '`debtortranstaxes`', '`stockmovestaxes`', '`supptranstaxes`', '`taxauthrates`', '`taxcategories`', '`taxgroups`', '`taxgrouptaxes`', '`taxprovinces`', '`reportfields`', '`reportlinks`', '`reports`', '`woitems`', '`workorders`', '`stockcatproperties`', '`stockitemproperties`', '`assetmanager`', '`audittrail`', '`factorcompanies`', '`custcontacts`', '`custnotes`', '`debtortype`', '`debtortypenotes`', '`geocode_param`', '`tags`', '`deliverynotes`', '`mrpcalendar`', '`mrpdemandtypes`', '`purchorderauth`', '`woserialnos`', '`contractcharges`', '`emailsettings`', '`fixedassetcategories`', '`fixedassetlocations`', '`fixedassets`', '`fixedassettrans`', '`offers`', '`pcashdetails`', '`pcexpenses`', '`pctabexpenses`', '`pctabs`', '`pctypetabs`', '`pickinglistdetails`', '`pickinglists`', '`suppliertype`', '`tenderitems`', '`tenders`', '`tendersuppliers`', '`departments`', '`labelfields`', '`labels`', '`stockrequest`', '`stockrequestitems`', '`internalstockcatrole`', '`sellthroughsupport`', '`supplierdiscounts`', '`worequirements`', '`mrpdemands`']"
Weberp-4.11-demo_mod_sort.sql,139,"['`accountgroups`', '`accountsection`', '`areas`', '`bankaccounts`', '`banktrans`', '`bom`', '`buckets`', '`chartdetails`', '`chartmaster`', '`cogsglpostings`', '`companies`', '`config`', '`contractbom`', '`contractreqts`', '`contracts`', '`currencies`', '`custallocns`', '`custbranch`', '`debtorsmaster`', '`debtortrans`', '`discountmatrix`', '`edi_orders_seg_groups`', '`edi_orders_segs`', '`ediitemmapping`', '`edimessageformat`', '`freightcosts`', '`gltrans`', '`grns`', '`holdreasons`', '`lastcostrollup`', '`locations`', '`locstock`', '`loctransfers`', '`orderdeliverydifferenceslog`', '`paymentmethods`', '`paymentterms`', '`periods`', '`prices`', '`purchdata`', '`purchorderdetails`', '`purchorders`', '`recurringsalesorders`', '`recurrsalesorderdetails`', '`reportcolumns`', '`reportheaders`', '`salesanalysis`', '`salescat`', '`salescatprod`', '`salesglpostings`', '`salesman`', '`salesorderdetails`', '`salesorders`', '`salestypes`', '`scripts`', '`securitygroups`', '`securityroles`', '`securitytokens`', '`shipmentcharges`', '`shipments`', '`shippers`', '`stockcategory`', '`stockcheckfreeze`', '`stockcounts`', '`stockmaster`', '`stockmoves`', '`stockserialitems`', '`stockserialmoves`', '`suppallocs`', '`suppliercontacts`', '`suppliers`', '`supptrans`', '`systypes`', '`taxauthorities`', '`unitsofmeasure`', '`workcentres`', '`www_users`', '`debtortranstaxes`', '`stockmovestaxes`', '`supptranstaxes`', '`taxauthrates`', '`taxcategories`', '`taxgroups`', '`taxgrouptaxes`', '`taxprovinces`', '`reportfields`', '`reportlinks`', '`reports`', '`woitems`', '`workorders`', '`stockcatproperties`', '`stockitemproperties`', '`assetmanager`', '`audittrail`', '`factorcompanies`', '`custcontacts`', '`custnotes`', '`debtortype`', '`debtortypenotes`', '`geocode_param`', '`tags`', '`deliverynotes`', '`mrpcalendar`', '`mrpdemandtypes`', '`purchorderauth`', '`woserialnos`', '`contractcharges`', '`emailsettings`', '`fixedassetcategories`', '`fixedassetlocations`', '`fixedassets`', '`fixedassettrans`', '`offers`', '`pcashdetails`', '`pcexpenses`', '`pctabexpenses`', '`pctabs`', '`pctypetabs`', '`pickinglistdetails`', '`pickinglists`', '`suppliertype`', '`tenderitems`', '`tenders`', '`tendersuppliers`', '`departments`', '`labelfields`', '`labels`', '`stockrequest`', '`stockrequestitems`', '`internalstockcatrole`', '`sellthroughsupport`', '`supplierdiscounts`', '`fixedassettasks`', '`mailgroupdetails`', '`mailgroups`', '`manufacturers`', '`salescattranslations`', '`stockdescriptiontranslations`', '`worequirements`', '`mrpdemands`']"
Weberp-4.11.2-demo_mod_sort.sql,140,"['`accountgroups`', '`accountsection`', '`areas`', '`bankaccounts`', '`banktrans`', '`bom`', '`buckets`', '`chartdetails`', '`chartmaster`', '`cogsglpostings`', '`companies`', '`config`', '`contractbom`', '`contractreqts`', '`contracts`', '`currencies`', '`custallocns`', '`custbranch`', '`debtorsmaster`', '`debtortrans`', '`discountmatrix`', '`edi_orders_seg_groups`', '`edi_orders_segs`', '`ediitemmapping`', '`edimessageformat`', '`freightcosts`', '`gltrans`', '`grns`', '`holdreasons`', '`lastcostrollup`', '`locations`', '`locstock`', '`loctransfers`', '`orderdeliverydifferenceslog`', '`paymentmethods`', '`paymentterms`', '`periods`', '`prices`', '`purchdata`', '`purchorderdetails`', '`purchorders`', '`recurringsalesorders`', '`recurrsalesorderdetails`', '`reportcolumns`', '`reportheaders`', '`salesanalysis`', '`salescat`', '`salescatprod`', '`salesglpostings`', '`salesman`', '`salesorderdetails`', '`salesorders`', '`salestypes`', '`scripts`', '`securitygroups`', '`securityroles`', '`securitytokens`', '`shipmentcharges`', '`shipments`', '`shippers`', '`stockcategory`', '`stockcheckfreeze`', '`stockcounts`', '`stockmaster`', '`stockmoves`', '`stockserialitems`', '`stockserialmoves`', '`suppallocs`', '`suppliercontacts`', '`suppliers`', '`supptrans`', '`systypes`', '`taxauthorities`', '`unitsofmeasure`', '`workcentres`', '`www_users`', '`debtortranstaxes`', '`stockmovestaxes`', '`supptranstaxes`', '`taxauthrates`', '`taxcategories`', '`taxgroups`', '`taxgrouptaxes`', '`taxprovinces`', '`reportfields`', '`reportlinks`', '`reports`', '`woitems`', '`workorders`', '`stockcatproperties`', '`stockitemproperties`', '`assetmanager`', '`audittrail`', '`factorcompanies`', '`custcontacts`', '`custnotes`', '`debtortype`', '`debtortypenotes`', '`geocode_param`', '`tags`', '`deliverynotes`', '`mrpcalendar`', '`mrpdemandtypes`', '`purchorderauth`', '`woserialnos`', '`contractcharges`', '`emailsettings`', '`fixedassetcategories`', '`fixedassetlocations`', '`fixedassets`', '`fixedassettrans`', '`offers`', '`pcashdetails`', '`pcexpenses`', '`pctabexpenses`', '`pctabs`', '`pctypetabs`', '`pickinglistdetails`', '`pickinglists`', '`suppliertype`', '`tenderitems`', '`tenders`', '`tendersuppliers`', '`departments`', '`labelfields`', '`labels`', '`stockrequest`', '`stockrequestitems`', '`internalstockcatrole`', '`sellthroughsupport`', '`supplierdiscounts`', '`fixedassettasks`', '`mailgroupdetails`', '`mailgroups`', '`manufacturers`', '`salescattranslations`', '`stockdescriptiontranslations`', '`bankaccountusers`', '`worequirements`', '`mrpdemands`']"
Weberp-4.11.3-demo_mod_sort.sql,141,"['`accountgroups`', '`accountsection`', '`areas`', '`bankaccounts`', '`banktrans`', '`bom`', '`buckets`', '`chartdetails`', '`chartmaster`', '`cogsglpostings`', '`companies`', '`config`', '`contractbom`', '`contractreqts`', '`contracts`', '`currencies`', '`custallocns`', '`custbranch`', '`debtorsmaster`', '`debtortrans`', '`discountmatrix`', '`edi_orders_seg_groups`', '`edi_orders_segs`', '`ediitemmapping`', '`edimessageformat`', '`freightcosts`', '`gltrans`', '`grns`', '`holdreasons`', '`lastcostrollup`', '`locations`', '`locstock`', '`loctransfers`', '`orderdeliverydifferenceslog`', '`paymentmethods`', '`paymentterms`', '`periods`', '`prices`', '`purchdata`', '`purchorderdetails`', '`purchorders`', '`recurringsalesorders`', '`recurrsalesorderdetails`', '`reportcolumns`', '`reportheaders`', '`salesanalysis`', '`salescat`', '`salescatprod`', '`salesglpostings`', '`salesman`', '`salesorderdetails`', '`salesorders`', '`salestypes`', '`scripts`', '`securitygroups`', '`securityroles`', '`securitytokens`', '`shipmentcharges`', '`shipments`', '`shippers`', '`stockcategory`', '`stockcheckfreeze`', '`stockcounts`', '`stockmaster`', '`stockmoves`', '`stockserialitems`', '`stockserialmoves`', '`suppallocs`', '`suppliercontacts`', '`suppliers`', '`supptrans`', '`systypes`', '`taxauthorities`', '`unitsofmeasure`', '`workcentres`', '`www_users`', '`debtortranstaxes`', '`stockmovestaxes`', '`supptranstaxes`', '`taxauthrates`', '`taxcategories`', '`taxgroups`', '`taxgrouptaxes`', '`taxprovinces`', '`reportfields`', '`reportlinks`', '`reports`', '`woitems`', '`workorders`', '`stockcatproperties`', '`stockitemproperties`', '`assetmanager`', '`audittrail`', '`factorcompanies`', '`custcontacts`', '`custnotes`', '`debtortype`', '`debtortypenotes`', '`geocode_param`', '`tags`', '`deliverynotes`', '`mrpcalendar`', '`mrpdemandtypes`', '`purchorderauth`', '`woserialnos`', '`contractcharges`', '`emailsettings`', '`fixedassetcategories`', '`fixedassetlocations`', '`fixedassets`', '`fixedassettrans`', '`offers`', '`pcashdetails`', '`pcexpenses`', '`pctabexpenses`', '`pctabs`', '`pctypetabs`', '`pickinglistdetails`', '`pickinglists`', '`suppliertype`', '`tenderitems`', '`tenders`', '`tendersuppliers`', '`departments`', '`labelfields`', '`labels`', '`stockrequest`', '`stockrequestitems`', '`internalstockcatrole`', '`sellthroughsupport`', '`supplierdiscounts`', '`fixedassettasks`', '`mailgroupdetails`', '`mailgroups`', '`manufacturers`', '`salescattranslations`', '`stockdescriptiontranslations`', '`bankaccountusers`', '`pricematrix`', '`worequirements`', '`mrpdemands`']"
Weberp-4.11.4-demo_mod_sort.sql,144,"['`accountgroups`', '`accountsection`', '`areas`', '`bankaccounts`', '`banktrans`', '`bom`', '`buckets`', '`chartdetails`', '`chartmaster`', '`cogsglpostings`', '`companies`', '`config`', '`contractbom`', '`contractreqts`', '`contracts`', '`currencies`', '`custallocns`', '`custbranch`', '`debtorsmaster`', '`debtortrans`', '`discountmatrix`', '`edi_orders_seg_groups`', '`edi_orders_segs`', '`ediitemmapping`', '`edimessageformat`', '`freightcosts`', '`gltrans`', '`grns`', '`holdreasons`', '`lastcostrollup`', '`locations`', '`locstock`', '`loctransfers`', '`orderdeliverydifferenceslog`', '`paymentmethods`', '`paymentterms`', '`periods`', '`prices`', '`purchdata`', '`purchorderdetails`', '`purchorders`', '`recurringsalesorders`', '`recurrsalesorderdetails`', '`reportcolumns`', '`reportheaders`', '`salesanalysis`', '`salescat`', '`salescatprod`', '`salesglpostings`', '`salesman`', '`salesorderdetails`', '`salesorders`', '`salestypes`', '`scripts`', '`securitygroups`', '`securityroles`', '`securitytokens`', '`shipmentcharges`', '`shipments`', '`shippers`', '`stockcategory`', '`stockcheckfreeze`', '`stockcounts`', '`stockmaster`', '`stockmoves`', '`stockserialitems`', '`stockserialmoves`', '`suppallocs`', '`suppliercontacts`', '`suppliers`', '`supptrans`', '`systypes`', '`taxauthorities`', '`unitsofmeasure`', '`workcentres`', '`www_users`', '`debtortranstaxes`', '`stockmovestaxes`', '`supptranstaxes`', '`taxauthrates`', '`taxcategories`', '`taxgroups`', '`taxgrouptaxes`', '`taxprovinces`', '`reportfields`', '`reportlinks`', '`reports`', '`woitems`', '`workorders`', '`stockcatproperties`', '`stockitemproperties`', '`assetmanager`', '`audittrail`', '`factorcompanies`', '`custcontacts`', '`custnotes`', '`debtortype`', '`debtortypenotes`', '`geocode_param`', '`tags`', '`deliverynotes`', '`mrpcalendar`', '`mrpdemandtypes`', '`purchorderauth`', '`woserialnos`', '`contractcharges`', '`emailsettings`', '`fixedassetcategories`', '`fixedassetlocations`', '`fixedassets`', '`fixedassettrans`', '`offers`', '`pcashdetails`', '`pcexpenses`', '`pctabexpenses`', '`pctabs`', '`pctypetabs`', '`pickinglistdetails`', '`pickinglists`', '`suppliertype`', '`tenderitems`', '`tenders`', '`tendersuppliers`', '`departments`', '`labelfields`', '`labels`', '`stockrequest`', '`stockrequestitems`', '`internalstockcatrole`', '`sellthroughsupport`', '`supplierdiscounts`', '`fixedassettasks`', '`mailgroupdetails`', '`mailgroups`', '`manufacturers`', '`salescattranslations`', '`stockdescriptiontranslations`', '`bankaccountusers`', '`pricematrix`', '`custitem`', '`locationusers`', '`relateditems`', '`worequirements`', '`mrpdemands`']"
Weberp-4.12-demo_mod_sort.sql,148,"['`accountgroups`', '`accountsection`', '`areas`', '`bankaccounts`', '`banktrans`', '`bom`', '`buckets`', '`chartdetails`', '`chartmaster`', '`cogsglpostings`', '`companies`', '`config`', '`contractbom`', '`contractreqts`', '`contracts`', '`currencies`', '`custallocns`', '`custbranch`', '`debtorsmaster`', '`debtortrans`', '`discountmatrix`', '`edi_orders_seg_groups`', '`edi_orders_segs`', '`ediitemmapping`', '`edimessageformat`', '`freightcosts`', '`gltrans`', '`grns`', '`holdreasons`', '`lastcostrollup`', '`locations`', '`locstock`', '`loctransfers`', '`orderdeliverydifferenceslog`', '`paymentmethods`', '`paymentterms`', '`periods`', '`prices`', '`purchdata`', '`purchorderdetails`', '`purchorders`', '`recurringsalesorders`', '`recurrsalesorderdetails`', '`reportcolumns`', '`reportheaders`', '`salesanalysis`', '`salescat`', '`salescatprod`', '`salesglpostings`', '`salesman`', '`salesorderdetails`', '`salesorders`', '`salestypes`', '`scripts`', '`securitygroups`', '`securityroles`', '`securitytokens`', '`shipmentcharges`', '`shipments`', '`shippers`', '`stockcategory`', '`stockcheckfreeze`', '`stockcounts`', '`stockmaster`', '`stockmoves`', '`stockserialitems`', '`stockserialmoves`', '`suppallocs`', '`suppliercontacts`', '`suppliers`', '`supptrans`', '`systypes`', '`taxauthorities`', '`unitsofmeasure`', '`workcentres`', '`www_users`', '`debtortranstaxes`', '`stockmovestaxes`', '`supptranstaxes`', '`taxauthrates`', '`taxcategories`', '`taxgroups`', '`taxgrouptaxes`', '`taxprovinces`', '`reportfields`', '`reportlinks`', '`reports`', '`woitems`', '`workorders`', '`stockcatproperties`', '`stockitemproperties`', '`assetmanager`', '`audittrail`', '`factorcompanies`', '`custcontacts`', '`custnotes`', '`debtortype`', '`debtortypenotes`', '`geocode_param`', '`tags`', '`deliverynotes`', '`mrpcalendar`', '`mrpdemandtypes`', '`purchorderauth`', '`woserialnos`', '`contractcharges`', '`emailsettings`', '`fixedassetcategories`', '`fixedassetlocations`', '`fixedassets`', '`fixedassettrans`', '`offers`', '`pcashdetails`', '`pcexpenses`', '`pctabexpenses`', '`pctabs`', '`pctypetabs`', '`pickinglistdetails`', '`pickinglists`', '`suppliertype`', '`tenderitems`', '`tenders`', '`tendersuppliers`', '`departments`', '`labelfields`', '`labels`', '`stockrequest`', '`stockrequestitems`', '`internalstockcatrole`', '`sellthroughsupport`', '`supplierdiscounts`', '`fixedassettasks`', '`mailgroupdetails`', '`mailgroups`', '`manufacturers`', '`salescattranslations`', '`stockdescriptiontranslations`', '`bankaccountusers`', '`pricematrix`', '`custitem`', '`locationusers`', '`relateditems`', '`prodspecs`', '`qasamples`', '`qatests`', '`sampleresults`', '`worequirements`', '`mrpdemands`']"
Weberp-4.12.1-demo_mod_sort.sql,148,"['`accountgroups`', '`accountsection`', '`areas`', '`bankaccounts`', '`banktrans`', '`bom`', '`buckets`', '`chartdetails`', '`chartmaster`', '`cogsglpostings`', '`companies`', '`config`', '`contractbom`', '`contractreqts`', '`contracts`', '`currencies`', '`custallocns`', '`custbranch`', '`debtorsmaster`', '`debtortrans`', '`discountmatrix`', '`edi_orders_seg_groups`', '`edi_orders_segs`', '`ediitemmapping`', '`edimessageformat`', '`freightcosts`', '`gltrans`', '`grns`', '`holdreasons`', '`lastcostrollup`', '`locations`', '`locstock`', '`loctransfers`', '`orderdeliverydifferenceslog`', '`paymentmethods`', '`paymentterms`', '`periods`', '`prices`', '`purchdata`', '`purchorderdetails`', '`purchorders`', '`recurringsalesorders`', '`recurrsalesorderdetails`', '`reportcolumns`', '`reportheaders`', '`salesanalysis`', '`salescat`', '`salescatprod`', '`salesglpostings`', '`salesman`', '`salesorderdetails`', '`salesorders`', '`salestypes`', '`scripts`', '`securitygroups`', '`securityroles`', '`securitytokens`', '`shipmentcharges`', '`shipments`', '`shippers`', '`stockcategory`', '`stockcheckfreeze`', '`stockcounts`', '`stockmaster`', '`stockmoves`', '`stockserialitems`', '`stockserialmoves`', '`suppallocs`', '`suppliercontacts`', '`suppliers`', '`supptrans`', '`systypes`', '`taxauthorities`', '`unitsofmeasure`', '`workcentres`', '`www_users`', '`debtortranstaxes`', '`stockmovestaxes`', '`supptranstaxes`', '`taxauthrates`', '`taxcategories`', '`taxgroups`', '`taxgrouptaxes`', '`taxprovinces`', '`reportfields`', '`reportlinks`', '`reports`', '`woitems`', '`workorders`', '`stockcatproperties`', '`stockitemproperties`', '`assetmanager`', '`audittrail`', '`factorcompanies`', '`custcontacts`', '`custnotes`', '`debtortype`', '`debtortypenotes`', '`geocode_param`', '`tags`', '`deliverynotes`', '`mrpcalendar`', '`mrpdemandtypes`', '`purchorderauth`', '`woserialnos`', '`contractcharges`', '`emailsettings`', '`fixedassetcategories`', '`fixedassetlocations`', '`fixedassets`', '`fixedassettrans`', '`offers`', '`pcashdetails`', '`pcexpenses`', '`pctabexpenses`', '`pctabs`', '`pctypetabs`', '`pickinglistdetails`', '`pickinglists`', '`suppliertype`', '`tenderitems`', '`tenders`', '`tendersuppliers`', '`departments`', '`labelfields`', '`labels`', '`stockrequest`', '`stockrequestitems`', '`internalstockcatrole`', '`sellthroughsupport`', '`supplierdiscounts`', '`fixedassettasks`', '`mailgroupdetails`', '`mailgroups`', '`manufacturers`', '`salescattranslations`', '`stockdescriptiontranslations`', '`bankaccountusers`', '`pricematrix`', '`custitem`', '`locationusers`', '`relateditems`', '`prodspecs`', '`qasamples`', '`qatests`', '`sampleresults`', '`worequirements`', '`mrpdemands`']"
Weberp-4.12.2-demo_mod_sort.sql,148,"['`accountgroups`', '`accountsection`', '`areas`', '`bankaccounts`', '`banktrans`', '`bom`', '`buckets`', '`chartdetails`', '`chartmaster`', '`cogsglpostings`', '`companies`', '`config`', '`contractbom`', '`contractreqts`', '`contracts`', '`currencies`', '`custallocns`', '`custbranch`', '`debtorsmaster`', '`debtortrans`', '`discountmatrix`', '`edi_orders_seg_groups`', '`edi_orders_segs`', '`ediitemmapping`', '`edimessageformat`', '`freightcosts`', '`gltrans`', '`grns`', '`holdreasons`', '`lastcostrollup`', '`locations`', '`locstock`', '`loctransfers`', '`orderdeliverydifferenceslog`', '`paymentmethods`', '`paymentterms`', '`periods`', '`prices`', '`purchdata`', '`purchorderdetails`', '`purchorders`', '`recurringsalesorders`', '`recurrsalesorderdetails`', '`reportcolumns`', '`reportheaders`', '`salesanalysis`', '`salescat`', '`salescatprod`', '`salesglpostings`', '`salesman`', '`salesorderdetails`', '`salesorders`', '`salestypes`', '`scripts`', '`securitygroups`', '`securityroles`', '`securitytokens`', '`shipmentcharges`', '`shipments`', '`shippers`', '`stockcategory`', '`stockcheckfreeze`', '`stockcounts`', '`stockmaster`', '`stockmoves`', '`stockserialitems`', '`stockserialmoves`', '`suppallocs`', '`suppliercontacts`', '`suppliers`', '`supptrans`', '`systypes`', '`taxauthorities`', '`unitsofmeasure`', '`workcentres`', '`www_users`', '`debtortranstaxes`', '`stockmovestaxes`', '`supptranstaxes`', '`taxauthrates`', '`taxcategories`', '`taxgroups`', '`taxgrouptaxes`', '`taxprovinces`', '`reportfields`', '`reportlinks`', '`reports`', '`woitems`', '`workorders`', '`stockcatproperties`', '`stockitemproperties`', '`assetmanager`', '`audittrail`', '`factorcompanies`', '`custcontacts`', '`custnotes`', '`debtortype`', '`debtortypenotes`', '`geocode_param`', '`tags`', '`deliverynotes`', '`mrpcalendar`', '`mrpdemandtypes`', '`purchorderauth`', '`woserialnos`', '`contractcharges`', '`emailsettings`', '`fixedassetcategories`', '`fixedassetlocations`', '`fixedassets`', '`fixedassettrans`', '`offers`', '`pcashdetails`', '`pcexpenses`', '`pctabexpenses`', '`pctabs`', '`pctypetabs`', '`pickinglistdetails`', '`pickinglists`', '`suppliertype`', '`tenderitems`', '`tenders`', '`tendersuppliers`', '`departments`', '`labelfields`', '`labels`', '`stockrequest`', '`stockrequestitems`', '`internalstockcatrole`', '`sellthroughsupport`', '`supplierdiscounts`', '`fixedassettasks`', '`mailgroupdetails`', '`mailgroups`', '`manufacturers`', '`salescattranslations`', '`stockdescriptiontranslations`', '`bankaccountusers`', '`pricematrix`', '`custitem`', '`locationusers`', '`relateditems`', '`prodspecs`', '`qasamples`', '`qatests`', '`sampleresults`', '`worequirements`', '`mrpdemands`']"
Weberp-4.12.3-demo_mod_sort.sql,148,"['`accountgroups`', '`accountsection`', '`areas`', '`bankaccounts`', '`banktrans`', '`bom`', '`buckets`', '`chartdetails`', '`chartmaster`', '`cogsglpostings`', '`companies`', '`config`', '`contractbom`', '`contractreqts`', '`contracts`', '`currencies`', '`custallocns`', '`custbranch`', '`debtorsmaster`', '`debtortrans`', '`discountmatrix`', '`edi_orders_seg_groups`', '`edi_orders_segs`', '`ediitemmapping`', '`edimessageformat`', '`freightcosts`', '`gltrans`', '`grns`', '`holdreasons`', '`lastcostrollup`', '`locations`', '`locstock`', '`loctransfers`', '`orderdeliverydifferenceslog`', '`paymentmethods`', '`paymentterms`', '`periods`', '`prices`', '`purchdata`', '`purchorderdetails`', '`purchorders`', '`recurringsalesorders`', '`recurrsalesorderdetails`', '`reportcolumns`', '`reportheaders`', '`salesanalysis`', '`salescat`', '`salescatprod`', '`salesglpostings`', '`salesman`', '`salesorderdetails`', '`salesorders`', '`salestypes`', '`scripts`', '`securitygroups`', '`securityroles`', '`securitytokens`', '`shipmentcharges`', '`shipments`', '`shippers`', '`stockcategory`', '`stockcheckfreeze`', '`stockcounts`', '`stockmaster`', '`stockmoves`', '`stockserialitems`', '`stockserialmoves`', '`suppallocs`', '`suppliercontacts`', '`suppliers`', '`supptrans`', '`systypes`', '`taxauthorities`', '`unitsofmeasure`', '`workcentres`', '`www_users`', '`debtortranstaxes`', '`stockmovestaxes`', '`supptranstaxes`', '`taxauthrates`', '`taxcategories`', '`taxgroups`', '`taxgrouptaxes`', '`taxprovinces`', '`reportfields`', '`reportlinks`', '`reports`', '`woitems`', '`workorders`', '`stockcatproperties`', '`stockitemproperties`', '`assetmanager`', '`audittrail`', '`factorcompanies`', '`custcontacts`', '`custnotes`', '`debtortype`', '`debtortypenotes`', '`geocode_param`', '`tags`', '`deliverynotes`', '`mrpcalendar`', '`mrpdemandtypes`', '`purchorderauth`', '`woserialnos`', '`contractcharges`', '`emailsettings`', '`fixedassetcategories`', '`fixedassetlocations`', '`fixedassets`', '`fixedassettrans`', '`offers`', '`pcashdetails`', '`pcexpenses`', '`pctabexpenses`', '`pctabs`', '`pctypetabs`', '`pickinglistdetails`', '`pickinglists`', '`suppliertype`', '`tenderitems`', '`tenders`', '`tendersuppliers`', '`departments`', '`labelfields`', '`labels`', '`stockrequest`', '`stockrequestitems`', '`internalstockcatrole`', '`sellthroughsupport`', '`supplierdiscounts`', '`fixedassettasks`', '`mailgroupdetails`', '`mailgroups`', '`manufacturers`', '`salescattranslations`', '`stockdescriptiontranslations`', '`bankaccountusers`', '`pricematrix`', '`custitem`', '`locationusers`', '`relateditems`', '`prodspecs`', '`qasamples`', '`qatests`', '`sampleresults`', '`worequirements`', '`mrpdemands`']"
Weberp-4.13-demo_mod_sort.sql,151,"['`accountgroups`', '`accountsection`', '`areas`', '`bankaccounts`', '`banktrans`', '`bom`', '`buckets`', '`chartdetails`', '`chartmaster`', '`cogsglpostings`', '`companies`', '`config`', '`contractbom`', '`contractreqts`', '`contracts`', '`currencies`', '`custallocns`', '`custbranch`', '`debtorsmaster`', '`debtortrans`', '`discountmatrix`', '`edi_orders_seg_groups`', '`edi_orders_segs`', '`ediitemmapping`', '`edimessageformat`', '`freightcosts`', '`gltrans`', '`grns`', '`holdreasons`', '`lastcostrollup`', '`locations`', '`locstock`', '`loctransfers`', '`orderdeliverydifferenceslog`', '`paymentmethods`', '`paymentterms`', '`periods`', '`prices`', '`purchdata`', '`purchorderdetails`', '`purchorders`', '`recurringsalesorders`', '`recurrsalesorderdetails`', '`reportcolumns`', '`reportheaders`', '`salesanalysis`', '`salescat`', '`salescatprod`', '`salesglpostings`', '`salesman`', '`salesorderdetails`', '`salesorders`', '`salestypes`', '`scripts`', '`securitygroups`', '`securityroles`', '`securitytokens`', '`shipmentcharges`', '`shipments`', '`shippers`', '`stockcategory`', '`stockcheckfreeze`', '`stockcounts`', '`stockmaster`', '`stockmoves`', '`stockserialitems`', '`stockserialmoves`', '`suppallocs`', '`suppliercontacts`', '`suppliers`', '`supptrans`', '`systypes`', '`taxauthorities`', '`unitsofmeasure`', '`workcentres`', '`www_users`', '`debtortranstaxes`', '`stockmovestaxes`', '`supptranstaxes`', '`taxauthrates`', '`taxcategories`', '`taxgroups`', '`taxgrouptaxes`', '`taxprovinces`', '`reportfields`', '`reportlinks`', '`reports`', '`woitems`', '`workorders`', '`stockcatproperties`', '`stockitemproperties`', '`assetmanager`', '`audittrail`', '`factorcompanies`', '`custcontacts`', '`custnotes`', '`debtortype`', '`debtortypenotes`', '`geocode_param`', '`tags`', '`deliverynotes`', '`mrpcalendar`', '`mrpdemandtypes`', '`purchorderauth`', '`woserialnos`', '`contractcharges`', '`emailsettings`', '`fixedassetcategories`', '`fixedassetlocations`', '`fixedassets`', '`fixedassettrans`', '`offers`', '`pcashdetails`', '`pcexpenses`', '`pctabexpenses`', '`pctabs`', '`pctypetabs`', '`pickinglistdetails`', '`pickinglists`', '`suppliertype`', '`tenderitems`', '`tenders`', '`tendersuppliers`', '`departments`', '`labelfields`', '`labels`', '`stockrequest`', '`stockrequestitems`', '`internalstockcatrole`', '`sellthroughsupport`', '`supplierdiscounts`', '`fixedassettasks`', '`mailgroupdetails`', '`mailgroups`', '`manufacturers`', '`salescattranslations`', '`stockdescriptiontranslations`', '`bankaccountusers`', '`pricematrix`', '`custitem`', '`locationusers`', '`relateditems`', '`prodspecs`', '`qasamples`', '`qatests`', '`sampleresults`', '`glaccountusers`', '`loctransfercancellations`', '`suppinvstogrn`', '`worequirements`', '`mrpdemands`']"
Weberp-4.13.1-demo_mod_sort.sql,151,"['`accountgroups`', '`accountsection`', '`areas`', '`bankaccounts`', '`banktrans`', '`bom`', '`buckets`', '`chartdetails`', '`chartmaster`', '`cogsglpostings`', '`companies`', '`config`', '`contractbom`', '`contractreqts`', '`contracts`', '`currencies`', '`custallocns`', '`custbranch`', '`debtorsmaster`', '`debtortrans`', '`discountmatrix`', '`edi_orders_seg_groups`', '`edi_orders_segs`', '`ediitemmapping`', '`edimessageformat`', '`freightcosts`', '`gltrans`', '`grns`', '`holdreasons`', '`lastcostrollup`', '`locations`', '`locstock`', '`loctransfers`', '`orderdeliverydifferenceslog`', '`paymentmethods`', '`paymentterms`', '`periods`', '`prices`', '`purchdata`', '`purchorderdetails`', '`purchorders`', '`recurringsalesorders`', '`recurrsalesorderdetails`', '`reportcolumns`', '`reportheaders`', '`salesanalysis`', '`salescat`', '`salescatprod`', '`salesglpostings`', '`salesman`', '`salesorderdetails`', '`salesorders`', '`salestypes`', '`scripts`', '`securitygroups`', '`securityroles`', '`securitytokens`', '`shipmentcharges`', '`shipments`', '`shippers`', '`stockcategory`', '`stockcheckfreeze`', '`stockcounts`', '`stockmaster`', '`stockmoves`', '`stockserialitems`', '`stockserialmoves`', '`suppallocs`', '`suppliercontacts`', '`suppliers`', '`supptrans`', '`systypes`', '`taxauthorities`', '`unitsofmeasure`', '`workcentres`', '`www_users`', '`debtortranstaxes`', '`stockmovestaxes`', '`supptranstaxes`', '`taxauthrates`', '`taxcategories`', '`taxgroups`', '`taxgrouptaxes`', '`taxprovinces`', '`reportfields`', '`reportlinks`', '`reports`', '`woitems`', '`workorders`', '`stockcatproperties`', '`stockitemproperties`', '`assetmanager`', '`audittrail`', '`factorcompanies`', '`custcontacts`', '`custnotes`', '`debtortype`', '`debtortypenotes`', '`geocode_param`', '`tags`', '`deliverynotes`', '`mrpcalendar`', '`mrpdemandtypes`', '`purchorderauth`', '`woserialnos`', '`contractcharges`', '`emailsettings`', '`fixedassetcategories`', '`fixedassetlocations`', '`fixedassets`', '`fixedassettrans`', '`offers`', '`pcashdetails`', '`pcexpenses`', '`pctabexpenses`', '`pctabs`', '`pctypetabs`', '`pickinglistdetails`', '`pickinglists`', '`suppliertype`', '`tenderitems`', '`tenders`', '`tendersuppliers`', '`departments`', '`labelfields`', '`labels`', '`stockrequest`', '`stockrequestitems`', '`internalstockcatrole`', '`sellthroughsupport`', '`supplierdiscounts`', '`fixedassettasks`', '`mailgroupdetails`', '`mailgroups`', '`manufacturers`', '`salescattranslations`', '`stockdescriptiontranslations`', '`bankaccountusers`', '`pricematrix`', '`custitem`', '`locationusers`', '`relateditems`', '`prodspecs`', '`qasamples`', '`qatests`', '`sampleresults`', '`glaccountusers`', '`loctransfercancellations`', '`suppinvstogrn`', '`worequirements`', '`mrpdemands`']"
Weberp-4.14-demo_mod_sort.sql,152,"['`accountgroups`', '`accountsection`', '`areas`', '`bankaccounts`', '`banktrans`', '`bom`', '`buckets`', '`chartdetails`', '`chartmaster`', '`cogsglpostings`', '`companies`', '`config`', '`contractbom`', '`contractreqts`', '`contracts`', '`currencies`', '`custallocns`', '`custbranch`', '`debtorsmaster`', '`debtortrans`', '`discountmatrix`', '`edi_orders_seg_groups`', '`edi_orders_segs`', '`ediitemmapping`', '`edimessageformat`', '`freightcosts`', '`gltrans`', '`grns`', '`holdreasons`', '`lastcostrollup`', '`locations`', '`locstock`', '`loctransfers`', '`orderdeliverydifferenceslog`', '`paymentmethods`', '`paymentterms`', '`periods`', '`prices`', '`purchdata`', '`purchorderdetails`', '`purchorders`', '`recurringsalesorders`', '`recurrsalesorderdetails`', '`reportcolumns`', '`reportheaders`', '`salesanalysis`', '`salescat`', '`salescatprod`', '`salesglpostings`', '`salesman`', '`salesorderdetails`', '`salesorders`', '`salestypes`', '`scripts`', '`securitygroups`', '`securityroles`', '`securitytokens`', '`shipmentcharges`', '`shipments`', '`shippers`', '`stockcategory`', '`stockcheckfreeze`', '`stockcounts`', '`stockmaster`', '`stockmoves`', '`stockserialitems`', '`stockserialmoves`', '`suppallocs`', '`suppliercontacts`', '`suppliers`', '`supptrans`', '`systypes`', '`taxauthorities`', '`unitsofmeasure`', '`workcentres`', '`www_users`', '`debtortranstaxes`', '`stockmovestaxes`', '`supptranstaxes`', '`taxauthrates`', '`taxcategories`', '`taxgroups`', '`taxgrouptaxes`', '`taxprovinces`', '`reportfields`', '`reportlinks`', '`reports`', '`woitems`', '`workorders`', '`stockcatproperties`', '`stockitemproperties`', '`assetmanager`', '`audittrail`', '`factorcompanies`', '`custcontacts`', '`custnotes`', '`debtortype`', '`debtortypenotes`', '`geocode_param`', '`tags`', '`deliverynotes`', '`mrpcalendar`', '`mrpdemandtypes`', '`purchorderauth`', '`woserialnos`', '`contractcharges`', '`emailsettings`', '`fixedassetcategories`', '`fixedassetlocations`', '`fixedassets`', '`fixedassettrans`', '`offers`', '`pcashdetails`', '`pcexpenses`', '`pctabexpenses`', '`pctabs`', '`pctypetabs`', '`pickinglistdetails`', '`pickinglists`', '`suppliertype`', '`tenderitems`', '`tenders`', '`tendersuppliers`', '`departments`', '`labelfields`', '`labels`', '`stockrequest`', '`stockrequestitems`', '`internalstockcatrole`', '`sellthroughsupport`', '`supplierdiscounts`', '`fixedassettasks`', '`mailgroupdetails`', '`mailgroups`', '`manufacturers`', '`salescattranslations`', '`stockdescriptiontranslations`', '`bankaccountusers`', '`pricematrix`', '`custitem`', '`locationusers`', '`relateditems`', '`prodspecs`', '`qasamples`', '`qatests`', '`sampleresults`', '`glaccountusers`', '`loctransfercancellations`', '`suppinvstogrn`', '`favourites`', '`worequirements`', '`mrpdemands`']"
Weberp-4.14.1-demo_mod_sort.sql,152,"['`accountgroups`', '`accountsection`', '`areas`', '`bankaccounts`', '`banktrans`', '`bom`', '`buckets`', '`chartdetails`', '`chartmaster`', '`cogsglpostings`', '`companies`', '`config`', '`contractbom`', '`contractreqts`', '`contracts`', '`currencies`', '`custallocns`', '`custbranch`', '`debtorsmaster`', '`debtortrans`', '`discountmatrix`', '`edi_orders_seg_groups`', '`edi_orders_segs`', '`ediitemmapping`', '`edimessageformat`', '`freightcosts`', '`gltrans`', '`grns`', '`holdreasons`', '`lastcostrollup`', '`locations`', '`locstock`', '`loctransfers`', '`orderdeliverydifferenceslog`', '`paymentmethods`', '`paymentterms`', '`periods`', '`prices`', '`purchdata`', '`purchorderdetails`', '`purchorders`', '`recurringsalesorders`', '`recurrsalesorderdetails`', '`reportcolumns`', '`reportheaders`', '`salesanalysis`', '`salescat`', '`salescatprod`', '`salesglpostings`', '`salesman`', '`salesorderdetails`', '`salesorders`', '`salestypes`', '`scripts`', '`securitygroups`', '`securityroles`', '`securitytokens`', '`shipmentcharges`', '`shipments`', '`shippers`', '`stockcategory`', '`stockcheckfreeze`', '`stockcounts`', '`stockmaster`', '`stockmoves`', '`stockserialitems`', '`stockserialmoves`', '`suppallocs`', '`suppliercontacts`', '`suppliers`', '`supptrans`', '`systypes`', '`taxauthorities`', '`unitsofmeasure`', '`workcentres`', '`www_users`', '`debtortranstaxes`', '`stockmovestaxes`', '`supptranstaxes`', '`taxauthrates`', '`taxcategories`', '`taxgroups`', '`taxgrouptaxes`', '`taxprovinces`', '`reportfields`', '`reportlinks`', '`reports`', '`woitems`', '`workorders`', '`stockcatproperties`', '`stockitemproperties`', '`assetmanager`', '`audittrail`', '`factorcompanies`', '`custcontacts`', '`custnotes`', '`debtortype`', '`debtortypenotes`', '`geocode_param`', '`tags`', '`deliverynotes`', '`mrpcalendar`', '`mrpdemandtypes`', '`purchorderauth`', '`woserialnos`', '`contractcharges`', '`emailsettings`', '`fixedassetcategories`', '`fixedassetlocations`', '`fixedassets`', '`fixedassettrans`', '`offers`', '`pcashdetails`', '`pcexpenses`', '`pctabexpenses`', '`pctabs`', '`pctypetabs`', '`pickinglistdetails`', '`pickinglists`', '`suppliertype`', '`tenderitems`', '`tenders`', '`tendersuppliers`', '`departments`', '`labelfields`', '`labels`', '`stockrequest`', '`stockrequestitems`', '`internalstockcatrole`', '`sellthroughsupport`', '`supplierdiscounts`', '`fixedassettasks`', '`mailgroupdetails`', '`mailgroups`', '`manufacturers`', '`salescattranslations`', '`stockdescriptiontranslations`', '`bankaccountusers`', '`pricematrix`', '`custitem`', '`locationusers`', '`relateditems`', '`prodspecs`', '`qasamples`', '`qatests`', '`sampleresults`', '`glaccountusers`', '`loctransfercancellations`', '`suppinvstogrn`', '`favourites`', '`worequirements`', '`mrpdemands`']"
Weberp-4.15-demo_mod_sort.sql,157,"['`accountgroups`', '`accountsection`', '`areas`', '`bankaccounts`', '`banktrans`', '`bom`', '`buckets`', '`chartdetails`', '`chartmaster`', '`cogsglpostings`', '`companies`', '`config`', '`contractbom`', '`contractreqts`', '`contracts`', '`currencies`', '`custallocns`', '`custbranch`', '`debtorsmaster`', '`debtortrans`', '`discountmatrix`', '`edi_orders_seg_groups`', '`edi_orders_segs`', '`ediitemmapping`', '`edimessageformat`', '`freightcosts`', '`gltrans`', '`grns`', '`holdreasons`', '`lastcostrollup`', '`locations`', '`locstock`', '`loctransfers`', '`orderdeliverydifferenceslog`', '`paymentmethods`', '`paymentterms`', '`periods`', '`prices`', '`purchdata`', '`purchorderdetails`', '`purchorders`', '`recurringsalesorders`', '`recurrsalesorderdetails`', '`reportcolumns`', '`reportheaders`', '`salesanalysis`', '`salescat`', '`salescatprod`', '`salesglpostings`', '`salesman`', '`salesorderdetails`', '`salesorders`', '`salestypes`', '`scripts`', '`securitygroups`', '`securityroles`', '`securitytokens`', '`shipmentcharges`', '`shipments`', '`shippers`', '`stockcategory`', '`stockcheckfreeze`', '`stockcounts`', '`stockmaster`', '`stockmoves`', '`stockserialitems`', '`stockserialmoves`', '`suppallocs`', '`suppliercontacts`', '`suppliers`', '`supptrans`', '`systypes`', '`taxauthorities`', '`unitsofmeasure`', '`workcentres`', '`www_users`', '`debtortranstaxes`', '`stockmovestaxes`', '`supptranstaxes`', '`taxauthrates`', '`taxcategories`', '`taxgroups`', '`taxgrouptaxes`', '`taxprovinces`', '`reportfields`', '`reportlinks`', '`reports`', '`woitems`', '`workorders`', '`stockcatproperties`', '`stockitemproperties`', '`assetmanager`', '`audittrail`', '`factorcompanies`', '`custcontacts`', '`custnotes`', '`debtortype`', '`debtortypenotes`', '`geocode_param`', '`tags`', '`deliverynotes`', '`mrpcalendar`', '`mrpdemandtypes`', '`purchorderauth`', '`woserialnos`', '`contractcharges`', '`emailsettings`', '`fixedassetcategories`', '`fixedassetlocations`', '`fixedassets`', '`fixedassettrans`', '`offers`', '`pcashdetails`', '`pcexpenses`', '`pctabexpenses`', '`pctabs`', '`pctypetabs`', '`pickinglistdetails`', '`pickinglists`', '`suppliertype`', '`tenderitems`', '`tenders`', '`tendersuppliers`', '`departments`', '`labelfields`', '`labels`', '`stockrequest`', '`stockrequestitems`', '`internalstockcatrole`', '`sellthroughsupport`', '`supplierdiscounts`', '`fixedassettasks`', '`mailgroupdetails`', '`mailgroups`', '`manufacturers`', '`salescattranslations`', '`stockdescriptiontranslations`', '`bankaccountusers`', '`pricematrix`', '`custitem`', '`locationusers`', '`relateditems`', '`prodspecs`', '`qasamples`', '`qatests`', '`sampleresults`', '`glaccountusers`', '`loctransfercancellations`', '`suppinvstogrn`', '`favourites`', '`pcashdetailtaxes`', '`pcreceipts`', '`pickserialdetails`', '`pickreq`', '`worequirements`', '`mrpdemands`', '`pickreqdetails`']"
Weberp-4.15.1-demo_mod_sort.sql,161,"['`accountgroups`', '`accountsection`', '`areas`', '`bankaccounts`', '`banktrans`', '`bom`', '`buckets`', '`chartdetails`', '`chartmaster`', '`cogsglpostings`', '`companies`', '`config`', '`contractbom`', '`contractreqts`', '`contracts`', '`currencies`', '`custallocns`', '`custbranch`', '`debtorsmaster`', '`debtortrans`', '`discountmatrix`', '`edi_orders_seg_groups`', '`edi_orders_segs`', '`ediitemmapping`', '`edimessageformat`', '`freightcosts`', '`gltrans`', '`grns`', '`holdreasons`', '`lastcostrollup`', '`locations`', '`locstock`', '`loctransfers`', '`orderdeliverydifferenceslog`', '`paymentmethods`', '`paymentterms`', '`periods`', '`prices`', '`purchdata`', '`purchorderdetails`', '`purchorders`', '`recurringsalesorders`', '`recurrsalesorderdetails`', '`reportcolumns`', '`reportheaders`', '`salesanalysis`', '`salescat`', '`salescatprod`', '`salesglpostings`', '`salesman`', '`salesorderdetails`', '`salesorders`', '`salestypes`', '`scripts`', '`securitygroups`', '`securityroles`', '`securitytokens`', '`shipmentcharges`', '`shipments`', '`shippers`', '`stockcategory`', '`stockcheckfreeze`', '`stockcounts`', '`stockmaster`', '`stockmoves`', '`stockserialitems`', '`stockserialmoves`', '`suppallocs`', '`suppliercontacts`', '`suppliers`', '`supptrans`', '`systypes`', '`taxauthorities`', '`unitsofmeasure`', '`workcentres`', '`www_users`', '`debtortranstaxes`', '`stockmovestaxes`', '`supptranstaxes`', '`taxauthrates`', '`taxcategories`', '`taxgroups`', '`taxgrouptaxes`', '`taxprovinces`', '`reportfields`', '`reportlinks`', '`reports`', '`woitems`', '`workorders`', '`stockcatproperties`', '`stockitemproperties`', '`assetmanager`', '`audittrail`', '`factorcompanies`', '`custcontacts`', '`custnotes`', '`debtortype`', '`debtortypenotes`', '`geocode_param`', '`tags`', '`deliverynotes`', '`mrpcalendar`', '`mrpdemandtypes`', '`purchorderauth`', '`woserialnos`', '`contractcharges`', '`emailsettings`', '`fixedassetcategories`', '`fixedassetlocations`', '`fixedassets`', '`fixedassettrans`', '`offers`', '`pcashdetails`', '`pcexpenses`', '`pctabexpenses`', '`pctabs`', '`pctypetabs`', '`pickinglistdetails`', '`pickinglists`', '`suppliertype`', '`tenderitems`', '`tenders`', '`tendersuppliers`', '`departments`', '`labelfields`', '`labels`', '`stockrequest`', '`stockrequestitems`', '`internalstockcatrole`', '`sellthroughsupport`', '`supplierdiscounts`', '`fixedassettasks`', '`mailgroupdetails`', '`mailgroups`', '`manufacturers`', '`salescattranslations`', '`stockdescriptiontranslations`', '`bankaccountusers`', '`pricematrix`', '`custitem`', '`locationusers`', '`relateditems`', '`prodspecs`', '`qasamples`', '`qatests`', '`sampleresults`', '`glaccountusers`', '`loctransfercancellations`', '`suppinvstogrn`', '`favourites`', '`pcashdetailtaxes`', '`pcreceipts`', '`pickserialdetails`', '`employees`', '`jnltmpldetails`', '`jnltmplheader`', '`timesheets`', '`pickreq`', '`worequirements`', '`mrpdemands`', '`pickreqdetails`']"
Weberp-4.15.2-demo_mod_sort.sql,161,"['`accountgroups`', '`accountsection`', '`areas`', '`bankaccounts`', '`banktrans`', '`bom`', '`buckets`', '`chartdetails`', '`chartmaster`', '`cogsglpostings`', '`companies`', '`config`', '`contractbom`', '`contractreqts`', '`contracts`', '`currencies`', '`custallocns`', '`custbranch`', '`debtorsmaster`', '`debtortrans`', '`discountmatrix`', '`edi_orders_seg_groups`', '`edi_orders_segs`', '`ediitemmapping`', '`edimessageformat`', '`freightcosts`', '`gltrans`', '`grns`', '`holdreasons`', '`lastcostrollup`', '`locations`', '`locstock`', '`loctransfers`', '`orderdeliverydifferenceslog`', '`paymentmethods`', '`paymentterms`', '`periods`', '`prices`', '`purchdata`', '`purchorderdetails`', '`purchorders`', '`recurringsalesorders`', '`recurrsalesorderdetails`', '`reportcolumns`', '`reportheaders`', '`salesanalysis`', '`salescat`', '`salescatprod`', '`salesglpostings`', '`salesman`', '`salesorderdetails`', '`salesorders`', '`salestypes`', '`scripts`', '`securitygroups`', '`securityroles`', '`securitytokens`', '`shipmentcharges`', '`shipments`', '`shippers`', '`stockcategory`', '`stockcheckfreeze`', '`stockcounts`', '`stockmaster`', '`stockmoves`', '`stockserialitems`', '`stockserialmoves`', '`suppallocs`', '`suppliercontacts`', '`suppliers`', '`supptrans`', '`systypes`', '`taxauthorities`', '`unitsofmeasure`', '`workcentres`', '`www_users`', '`debtortranstaxes`', '`stockmovestaxes`', '`supptranstaxes`', '`taxauthrates`', '`taxcategories`', '`taxgroups`', '`taxgrouptaxes`', '`taxprovinces`', '`reportfields`', '`reportlinks`', '`reports`', '`woitems`', '`workorders`', '`stockcatproperties`', '`stockitemproperties`', '`assetmanager`', '`audittrail`', '`factorcompanies`', '`custcontacts`', '`custnotes`', '`debtortype`', '`debtortypenotes`', '`geocode_param`', '`tags`', '`deliverynotes`', '`mrpcalendar`', '`mrpdemandtypes`', '`purchorderauth`', '`woserialnos`', '`contractcharges`', '`emailsettings`', '`fixedassetcategories`', '`fixedassetlocations`', '`fixedassets`', '`fixedassettrans`', '`offers`', '`pcashdetails`', '`pcexpenses`', '`pctabexpenses`', '`pctabs`', '`pctypetabs`', '`pickinglistdetails`', '`pickinglists`', '`suppliertype`', '`tenderitems`', '`tenders`', '`tendersuppliers`', '`departments`', '`labelfields`', '`labels`', '`stockrequest`', '`stockrequestitems`', '`internalstockcatrole`', '`sellthroughsupport`', '`supplierdiscounts`', '`fixedassettasks`', '`mailgroupdetails`', '`mailgroups`', '`manufacturers`', '`salescattranslations`', '`stockdescriptiontranslations`', '`bankaccountusers`', '`pricematrix`', '`custitem`', '`locationusers`', '`relateditems`', '`prodspecs`', '`qasamples`', '`qatests`', '`sampleresults`', '`glaccountusers`', '`loctransfercancellations`', '`suppinvstogrn`', '`favourites`', '`pcashdetailtaxes`', '`pcreceipts`', '`pickserialdetails`', '`employees`', '`jnltmpldetails`', '`jnltmplheader`', '`timesheets`', '`pickreq`', '`worequirements`', '`mrpdemands`', '`pickreqdetails`']"
